NAICS,DESCRIPTION
------,Total_for_all_sectors
11----,"Agriculture,_Forestry,_Fishing_and_Hunting"
113,Forestry_and_Logging
1131,Timber_Tract_Operations
11311,Timber_Tract_Operations
113110,Timber_Tract_Operations
1132,Forest_Nurseries_and_Gathering_of_Forest_Products
11321,Forest_Nurseries_and_Gathering_of_Forest_Products
113210,Forest_Nurseries_and_Gathering_of_Forest_Products
1133,Logging
11331,Logging
113310,Logging
114,"Fishing,_Hunting_and_Trapping"
1141,Fishing
11411,Fishing
114111,Finfish_Fishing
114112,Shellfish_Fishing
114119,Other_Marine_Fishing
1142,Hunting_and_Trapping
11421,Hunting_and_Trapping
114210,Hunting_and_Trapping
115,Support_Activities_for_Agriculture_and_Forestry
1151,Support_Activities_for_Crop_Production
11511,Support_Activities_for_Crop_Production
115111,Cotton_Ginning
115112,"Soil_Preparation,_Planting,_and_Cultivating"
115113,"Crop_Harvesting,_Primarily_by_Machine"
115114,Postharvest_Crop_Activities_(except_Cotton_Ginning)
115115,Farm_Labor_Contractors_and_Crew_Leaders
115116,Farm_Management_Services
1152,Support_Activities_for_Animal_Production
11521,Support_Activities_for_Animal_Production
115210,Support_Activities_for_Animal_Production
1153,Support_Activities_for_Forestry
11531,Support_Activities_for_Forestry
115310,Support_Activities_for_Forestry
21----,"Mining,_Quarrying,_and_Oil_and_Gas_Extraction"
211,Oil_and_Gas_Extraction
2111,Oil_and_Gas_Extraction
21111,Oil_and_Gas_Extraction
211111,Crude_Petroleum_and_Natural_Gas_Extraction
211112,Natural_Gas_Liquid_Extraction
212,Mining_(except_Oil_and_Gas)
2121,Coal_Mining
21211,Coal_Mining
212111,Bituminous_Coal_and_Lignite_Surface_Mining
212112,Bituminous_Coal_Underground_Mining
212113,Anthracite_Mining
2122,Metal_Ore_Mining
21221,Iron_Ore_Mining
212210,Iron_Ore_Mining
21222,Gold_Ore_and_Silver_Ore_Mining
212221,Gold_Ore_Mining
212222,Silver_Ore_Mining
21223,"Copper,_Nickel,_Lead,_and_Zinc_Mining"
212231,Lead_Ore_and_Zinc_Ore_Mining
212234,Copper_Ore_and_Nickel_Ore_Mining
21229,Other_Metal_Ore_Mining
212291,Uranium-Radium-Vanadium_Ore_Mining
212299,All_Other_Metal_Ore_Mining
2123,Nonmetallic_Mineral_Mining_and_Quarrying
21231,Stone_Mining_and_Quarrying
212311,Dimension_Stone_Mining_and_Quarrying
212312,Crushed_and_Broken_Limestone_Mining_and_Quarrying
212313,Crushed_and_Broken_Granite_Mining_and_Quarrying
212319,Other_Crushed_and_Broken_Stone_Mining_and_Quarrying
21232,"Sand,_Gravel,_Clay,_and_Ceramic_and_Refractory_Minerals_Mining_and_Quarrying"
212321,Construction_Sand_and_Gravel_Mining
212322,Industrial_Sand_Mining
212324,Kaolin_and_Ball_Clay_Mining
212325,Clay_and_Ceramic_and_Refractory_Minerals_Mining
21239,Other_Nonmetallic_Mineral_Mining_and_Quarrying
212391,"Potash,_Soda,_and_Borate_Mineral_Mining"
212392,Phosphate_Rock_Mining
212393,Other_Chemical_and_Fertilizer_Mineral_Mining
212399,All_Other_Nonmetallic_Mineral_Mining
213,Support_Activities_for_Mining
2131,Support_Activities_for_Mining
21311,Support_Activities_for_Mining
213111,Drilling_Oil_and_Gas_Wells
213112,Support_Activities_for_Oil_and_Gas_Operations
213113,Support_Activities_for_Coal_Mining
213114,Support_Activities_for_Metal_Mining
213115,Support_Activities_for_Nonmetallic_Minerals_(except_Fuels)_Mining
22----,Utilities
221,Utilities
2211,"Electric_Power_Generation,_Transmission_and_Distribution"
22111,Electric_Power_Generation
221111,Hydroelectric_Power_Generation
221112,Fossil_Fuel_Electric_Power_Generation
221113,Nuclear_Electric_Power_Generation
221114,Solar_Electric_Power_Generation
221115,Wind_Electric_Power_Generation
221116,Geothermal_Electric_Power_Generation
221117,Biomass_Electric_Power_Generation
221118,Other_Electric_Power_Generation
22112,"Electric_Power_Transmission,_Control,_and_Distribution"
221121,Electric_Bulk_Power_Transmission_and_Control
221122,Electric_Power_Distribution
2212,Natural_Gas_Distribution
22121,Natural_Gas_Distribution
221210,Natural_Gas_Distribution
2213,"Water,_Sewage_and_Other_Systems"
22131,Water_Supply_and_Irrigation_Systems
221310,Water_Supply_and_Irrigation_Systems
22132,Sewage_Treatment_Facilities
221320,Sewage_Treatment_Facilities
22133,Steam_and_Air-Conditioning_Supply
221330,Steam_and_Air-Conditioning_Supply
23----,Construction
236,Construction_of_Buildings
2361,Residential_Building_Construction
23611,Residential_Building_Construction
236115,New_Single-Family_Housing_Construction_(except_For-Sale_Builders)
236116,New_Multifamily_Housing_Construction_(except_For-Sale_Builders)
236117,New_Housing_For-Sale_Builders
236118,Residential_Remodelers
2362,Nonresidential_Building_Construction
23621,Industrial_Building_Construction
236210,Industrial_Building_Construction
23622,Commercial_and_Institutional_Building_Construction
236220,Commercial_and_Institutional_Building_Construction
237,Heavy_and_Civil_Engineering_Construction
2371,Utility_System_Construction
23711,Water_and_Sewer_Line_and_Related_Structures_Construction
237110,Water_and_Sewer_Line_and_Related_Structures_Construction
23712,Oil_and_Gas_Pipeline_and_Related_Structures_Construction
237120,Oil_and_Gas_Pipeline_and_Related_Structures_Construction
23713,Power_and_Communication_Line_and_Related_Structures_Construction
237130,Power_and_Communication_Line_and_Related_Structures_Construction
2372,Land_Subdivision
23721,Land_Subdivision
237210,Land_Subdivision
2373,"Highway,_Street,_and_Bridge_Construction"
23731,"Highway,_Street,_and_Bridge_Construction"
237310,"Highway,_Street,_and_Bridge_Construction"
2379,Other_Heavy_and_Civil_Engineering_Construction
23799,Other_Heavy_and_Civil_Engineering_Construction
237990,Other_Heavy_and_Civil_Engineering_Construction
238,Specialty_Trade_Contractors
2381,"Foundation,_Structure,_and_Building_Exterior_Contractors"
23811,Poured_Concrete_Foundation_and_Structure_Contractors
238110,Poured_Concrete_Foundation_and_Structure_Contractors
23812,Structural_Steel_and_Precast_Concrete_Contractors
238120,Structural_Steel_and_Precast_Concrete_Contractors
23813,Framing_Contractors
238130,Framing_Contractors
23814,Masonry_Contractors
238140,Masonry_Contractors
23815,Glass_and_Glazing_Contractors
238150,Glass_and_Glazing_Contractors
23816,Roofing_Contractors
238160,Roofing_Contractors
23817,Siding_Contractors
238170,Siding_Contractors
23819,"Other_Foundation,_Structure,_and_Building_Exterior_Contractors"
238190,"Other_Foundation,_Structure,_and_Building_Exterior_Contractors"
2382,Building_Equipment_Contractors
23821,Electrical_Contractors_and_Other_Wiring_Installation_Contractors
238210,Electrical_Contractors_and_Other_Wiring_Installation_Contractors
23822,"Plumbing,_Heating,_and_Air-Conditioning_Contractors"
238220,"Plumbing,_Heating,_and_Air-Conditioning_Contractors"
23829,Other_Building_Equipment_Contractors
238290,Other_Building_Equipment_Contractors
2383,Building_Finishing_Contractors
23831,Drywall_and_Insulation_Contractors
238310,Drywall_and_Insulation_Contractors
23832,Painting_and_Wall_Covering_Contractors
238320,Painting_and_Wall_Covering_Contractors
23833,Flooring_Contractors
238330,Flooring_Contractors
23834,Tile_and_Terrazzo_Contractors
238340,Tile_and_Terrazzo_Contractors
23835,Finish_Carpentry_Contractors
238350,Finish_Carpentry_Contractors
23839,Other_Building_Finishing_Contractors
238390,Other_Building_Finishing_Contractors
2389,Other_Specialty_Trade_Contractors
23891,Site_Preparation_Contractors
238910,Site_Preparation_Contractors
23899,All_Other_Specialty_Trade_Contractors
238990,All_Other_Specialty_Trade_Contractors
31----,Manufacturing
311,Food_Manufacturing
3111,Animal_Food_Manufacturing
31111,Animal_Food_Manufacturing
311111,Dog_and_Cat_Food_Manufacturing
311119,Other_Animal_Food_Manufacturing
3112,Grain_and_Oilseed_Milling
31121,Flour_Milling_and_Malt_Manufacturing
311211,Flour_Milling
311212,Rice_Milling
311213,Malt_Manufacturing
31122,Starch_and_Vegetable_Fats_and_Oils_Manufacturing
311221,Wet_Corn_Milling
311224,Soybean_and_Other_Oilseed_Processing
311225,Fats_and_Oils_Refining_and_Blending
31123,Breakfast_Cereal_Manufacturing
311230,Breakfast_Cereal_Manufacturing
3113,Sugar_and_Confectionery_Product_Manufacturing
31131,Sugar_Manufacturing
311313,Beet_Sugar_Manufacturing
311314,Cane_Sugar_Manufacturing
31134,Nonchocolate_Confectionery_Manufacturing
311340,Nonchocolate_Confectionery_Manufacturing
31135,Chocolate_and_Confectionery_Manufacturing
311351,Chocolate_and_Confectionery_Manufacturing_from_Cacao_Beans
311352,Confectionery_Manufacturing_from_Purchased_Chocolate
3114,Fruit_and_Vegetable_Preserving_and_Specialty_Food_Manufacturing
31141,Frozen_Food_Manufacturing
311411,"Frozen_Fruit,_Juice,_and_Vegetable_Manufacturing"
311412,Frozen_Specialty_Food_Manufacturing
31142,"Fruit_and_Vegetable_Canning,_Pickling,_and_Drying"
311421,Fruit_and_Vegetable_Canning
311422,Specialty_Canning
311423,Dried_and_Dehydrated_Food_Manufacturing
3115,Dairy_Product_Manufacturing
31151,Dairy_Product_(except_Frozen)_Manufacturing
311511,Fluid_Milk_Manufacturing
311512,Creamery_Butter_Manufacturing
311513,Cheese_Manufacturing
311514,"Dry,_Condensed,_and_Evaporated_Dairy_Product_Manufacturing"
31152,Ice_Cream_and_Frozen_Dessert_Manufacturing
311520,Ice_Cream_and_Frozen_Dessert_Manufacturing
3116,Animal_Slaughtering_and_Processing
31161,Animal_Slaughtering_and_Processing
311611,Animal_(except_Poultry)_Slaughtering
311612,Meat_Processed_from_Carcasses
311613,Rendering_and_Meat_Byproduct_Processing
311615,Poultry_Processing
3117,Seafood_Product_Preparation_and_Packaging
31171,Seafood_Product_Preparation_and_Packaging
311710,Seafood_Product_Preparation_and_Packaging
3118,Bakeries_and_Tortilla_Manufacturing
31181,Bread_and_Bakery_Product_Manufacturing
311811,Retail_Bakeries
311812,Commercial_Bakeries
311813,"Frozen_Cakes,_Pies,_and_Other_Pastries_Manufacturing"
31182,"Cookie,_Cracker,_and_Pasta_Manufacturing"
311821,Cookie_and_Cracker_Manufacturing
311824,"Dry_Pasta,_Dough,_and_Flour_Mixes_Manufacturing_from_Purchased_Flour"
31183,Tortilla_Manufacturing
311830,Tortilla_Manufacturing
3119,Other_Food_Manufacturing
31191,Snack_Food_Manufacturing
311911,Roasted_Nuts_and_Peanut_Butter_Manufacturing
311919,Other_Snack_Food_Manufacturing
31192,Coffee_and_Tea_Manufacturing
311920,Coffee_and_Tea_Manufacturing
31193,Flavoring_Syrup_and_Concentrate_Manufacturing
311930,Flavoring_Syrup_and_Concentrate_Manufacturing
31194,Seasoning_and_Dressing_Manufacturing
311941,"Mayonnaise,_Dressing,_and_Other_Prepared_Sauce_Manufacturing"
311942,Spice_and_Extract_Manufacturing
31199,All_Other_Food_Manufacturing
311991,Perishable_Prepared_Food_Manufacturing
311999,All_Other_Miscellaneous_Food_Manufacturing
312,Beverage_and_Tobacco_Product_Manufacturing
3121,Beverage_Manufacturing
31211,Soft_Drink_and_Ice_Manufacturing
312111,Soft_Drink_Manufacturing
312112,Bottled_Water_Manufacturing
312113,Ice_Manufacturing
31212,Breweries
312120,Breweries
31213,Wineries
312130,Wineries
31214,Distilleries
312140,Distilleries
3122,Tobacco_Manufacturing
31223,Tobacco_Manufacturing
312230,Tobacco_Manufacturing
313,Textile_Mills
3131,"Fiber,_Yarn,_and_Thread_Mills"
31311,"Fiber,_Yarn,_and_Thread_Mills"
313110,"Fiber,_Yarn,_and_Thread_Mills"
3132,Fabric_Mills
31321,Broadwoven_Fabric_Mills
313210,Broadwoven_Fabric_Mills
31322,Narrow_Fabric_Mills_and_Schiffli_Machine_Embroidery
313220,Narrow_Fabric_Mills_and_Schiffli_Machine_Embroidery
31323,Nonwoven_Fabric_Mills
313230,Nonwoven_Fabric_Mills
31324,Knit_Fabric_Mills
313240,Knit_Fabric_Mills
3133,Textile_and_Fabric_Finishing_and_Fabric_Coating_Mills
31331,Textile_and_Fabric_Finishing_Mills
313310,Textile_and_Fabric_Finishing_Mills
31332,Fabric_Coating_Mills
313320,Fabric_Coating_Mills
314,Textile_Product_Mills
3141,Textile_Furnishings_Mills
31411,Carpet_and_Rug_Mills
314110,Carpet_and_Rug_Mills
31412,Curtain_and_Linen_Mills
314120,Curtain_and_Linen_Mills
3149,Other_Textile_Product_Mills
31491,Textile_Bag_and_Canvas_Mills
314910,Textile_Bag_and_Canvas_Mills
31499,All_Other_Textile_Product_Mills
314994,"Rope,_Cordage,_Twine,_Tire_Cord,_and_Tire_Fabric_Mills"
314999,All_Other_Miscellaneous_Textile_Product_Mills
315,Apparel_Manufacturing
3151,Apparel_Knitting_Mills
31511,Hosiery_and_Sock_Mills
315110,Hosiery_and_Sock_Mills
31519,Other_Apparel_Knitting_Mills
315190,Other_Apparel_Knitting_Mills
3152,Cut_and_Sew_Apparel_Manufacturing
31521,Cut_and_Sew_Apparel_Contractors
315210,Cut_and_Sew_Apparel_Contractors
31522,Men's_and_Boys'_Cut_and_Sew_Apparel_Manufacturing
315220,Men's_and_Boys'_Cut_and_Sew_Apparel_Manufacturing
31524,"Women's,_Girls',_and_Infants'_Cut_and_Sew_Apparel_Manufacturing"
315240,"Women's,_Girls',_and_Infants'_Cut_and_Sew_Apparel_Manufacturing"
31528,Other_Cut_and_Sew_Apparel_Manufacturing
315280,Other_Cut_and_Sew_Apparel_Manufacturing
3159,Apparel_Accessories_and_Other_Apparel_Manufacturing
31599,Apparel_Accessories_and_Other_Apparel_Manufacturing
315990,Apparel_Accessories_and_Other_Apparel_Manufacturing
316,Leather_and_Allied_Product_Manufacturing
3161,Leather_and_Hide_Tanning_and_Finishing
31611,Leather_and_Hide_Tanning_and_Finishing
316110,Leather_and_Hide_Tanning_and_Finishing
3162,Footwear_Manufacturing
31621,Footwear_Manufacturing
316210,Footwear_Manufacturing
3169,Other_Leather_and_Allied_Product_Manufacturing
31699,Other_Leather_and_Allied_Product_Manufacturing
316992,Women's_Handbag_and_Purse_Manufacturing
316998,All_Other_Leather_Good_and_Allied_Product_Manufacturing
321,Wood_Product_Manufacturing
3211,Sawmills_and_Wood_Preservation
32111,Sawmills_and_Wood_Preservation
321113,Sawmills
321114,Wood_Preservation
3212,"Veneer,_Plywood,_and_Engineered_Wood_Product_Manufacturing"
32121,"Veneer,_Plywood,_and_Engineered_Wood_Product_Manufacturing"
321211,Hardwood_Veneer_and_Plywood_Manufacturing
321212,Softwood_Veneer_and_Plywood_Manufacturing
321213,Engineered_Wood_Member_(except_Truss)_Manufacturing
321214,Truss_Manufacturing
321219,Reconstituted_Wood_Product_Manufacturing
3219,Other_Wood_Product_Manufacturing
32191,Millwork
321911,Wood_Window_and_Door_Manufacturing
321912,"Cut_Stock,_Resawing_Lumber,_and_Planing"
321918,Other_Millwork_(including_Flooring)
32192,Wood_Container_and_Pallet_Manufacturing
321920,Wood_Container_and_Pallet_Manufacturing
32199,All_Other_Wood_Product_Manufacturing
321991,Manufactured_Home_(Mobile_Home)_Manufacturing
321992,Prefabricated_Wood_Building_Manufacturing
321999,All_Other_Miscellaneous_Wood_Product_Manufacturing
322,Paper_Manufacturing
3221,"Pulp,_Paper,_and_Paperboard_Mills"
32211,Pulp_Mills
322110,Pulp_Mills
32212,Paper_Mills
322121,Paper_(except_Newsprint)_Mills
322122,Newsprint_Mills
32213,Paperboard_Mills
322130,Paperboard_Mills
3222,Converted_Paper_Product_Manufacturing
32221,Paperboard_Container_Manufacturing
322211,Corrugated_and_Solid_Fiber_Box_Manufacturing
322212,Folding_Paperboard_Box_Manufacturing
322219,Other_Paperboard_Container_Manufacturing
32222,Paper_Bag_and_Coated_and_Treated_Paper_Manufacturing
322220,Paper_Bag_and_Coated_and_Treated_Paper_Manufacturing
32223,Stationery_Product_Manufacturing
322230,Stationery_Product_Manufacturing
32229,Other_Converted_Paper_Product_Manufacturing
322291,Sanitary_Paper_Product_Manufacturing
322299,All_Other_Converted_Paper_Product_Manufacturing
323,Printing_and_Related_Support_Activities
3231,Printing_and_Related_Support_Activities
32311,Printing
323111,Commercial_Printing_(except_Screen_and_Books)
323113,Commercial_Screen_Printing
323117,Books_Printing
32312,Support_Activities_for_Printing
323120,Support_Activities_for_Printing
324,Petroleum_and_Coal_Products_Manufacturing
3241,Petroleum_and_Coal_Products_Manufacturing
32411,Petroleum_Refineries
324110,Petroleum_Refineries
32412,"Asphalt_Paving,_Roofing,_and_Saturated_Materials_Manufacturing"
324121,Asphalt_Paving_Mixture_and_Block_Manufacturing
324122,Asphalt_Shingle_and_Coating_Materials_Manufacturing
32419,Other_Petroleum_and_Coal_Products_Manufacturing
324191,Petroleum_Lubricating_Oil_and_Grease_Manufacturing
324199,All_Other_Petroleum_and_Coal_Products_Manufacturing
325,Chemical_Manufacturing
3251,Basic_Chemical_Manufacturing
32511,Petrochemical_Manufacturing
325110,Petrochemical_Manufacturing
32512,Industrial_Gas_Manufacturing
325120,Industrial_Gas_Manufacturing
32513,Synthetic_Dye_and_Pigment_Manufacturing
325130,Synthetic_Dye_and_Pigment_Manufacturing
32518,Other_Basic_Inorganic_Chemical_Manufacturing
325180,Other_Basic_Inorganic_Chemical_Manufacturing
32519,Other_Basic_Organic_Chemical_Manufacturing
325193,Ethyl_Alcohol_Manufacturing
325194,"Cyclic_Crude,_Intermediate,_and_Gum_and_Wood_Chemical_Manufacturing"
325199,All_Other_Basic_Organic_Chemical_Manufacturing
3252,"Resin,_Synthetic_Rubber,_and_Artificial_Synthetic_Fibers_and_Filaments_Manufacturing"
32521,Resin_and_Synthetic_Rubber_Manufacturing
325211,Plastics_Material_and_Resin_Manufacturing
325212,Synthetic_Rubber_Manufacturing
32522,Artificial_and_Synthetic_Fibers_and_Filaments_Manufacturing
325220,Artificial_and_Synthetic_Fibers_and_Filaments_Manufacturing
3253,"Pesticide,_Fertilizer,_and_Other_Agricultural_Chemical_Manufacturing"
32531,Fertilizer_Manufacturing
325311,Nitrogenous_Fertilizer_Manufacturing
325312,Phosphatic_Fertilizer_Manufacturing
325314,Fertilizer_(Mixing_Only)_Manufacturing
32532,Pesticide_and_Other_Agricultural_Chemical_Manufacturing
325320,Pesticide_and_Other_Agricultural_Chemical_Manufacturing
3254,Pharmaceutical_and_Medicine_Manufacturing
32541,Pharmaceutical_and_Medicine_Manufacturing
325411,Medicinal_and_Botanical_Manufacturing
325412,Pharmaceutical_Preparation_Manufacturing
325413,In-Vitro_Diagnostic_Substance_Manufacturing
325414,Biological_Product_(except_Diagnostic)_Manufacturing
3255,"Paint,_Coating,_and_Adhesive_Manufacturing"
32551,Paint_and_Coating_Manufacturing
325510,Paint_and_Coating_Manufacturing
32552,Adhesive_Manufacturing
325520,Adhesive_Manufacturing
3256,"Soap,_Cleaning_Compound,_and_Toilet_Preparation_Manufacturing"
32561,Soap_and_Cleaning_Compound_Manufacturing
325611,Soap_and_Other_Detergent_Manufacturing
325612,Polish_and_Other_Sanitation_Good_Manufacturing
325613,Surface_Active_Agent_Manufacturing
32562,Toilet_Preparation_Manufacturing
325620,Toilet_Preparation_Manufacturing
3259,Other_Chemical_Product_and_Preparation_Manufacturing
32591,Printing_Ink_Manufacturing
325910,Printing_Ink_Manufacturing
32592,Explosives_Manufacturing
325920,Explosives_Manufacturing
32599,All_Other_Chemical_Product_and_Preparation_Manufacturing
325991,Custom_Compounding_of_Purchased_Resins
325992,"Photographic_Film,_Paper,_Plate,_and_Chemical_Manufacturing"
325998,All_Other_Miscellaneous_Chemical_Product_and_Preparation_Manufacturing
326,Plastics_and_Rubber_Products_Manufacturing
3261,Plastics_Product_Manufacturing
32611,Plastics_Packaging_Materials_and_Unlaminated_Film_and_Sheet_Manufacturing
326111,Plastics_Bag_and_Pouch_Manufacturing
326112,Plastics_Packaging_Film_and_Sheet_(including_Laminated)_Manufacturing
326113,Unlaminated_Plastics_Film_and_Sheet_(except_Packaging)_Manufacturing
32612,"Plastics_Pipe,_Pipe_Fitting,_and_Unlaminated_Profile_Shape_Manufacturing"
326121,Unlaminated_Plastics_Profile_Shape_Manufacturing
326122,Plastics_Pipe_and_Pipe_Fitting_Manufacturing
32613,"Laminated_Plastics_Plate,_Sheet_(except_Packaging),_and_Shape_Manufacturing"
326130,"Laminated_Plastics_Plate,_Sheet_(except_Packaging),_and_Shape_Manufacturing"
32614,Polystyrene_Foam_Product_Manufacturing
326140,Polystyrene_Foam_Product_Manufacturing
32615,Urethane_and_Other_Foam_Product_(except_Polystyrene)_Manufacturing
326150,Urethane_and_Other_Foam_Product_(except_Polystyrene)_Manufacturing
32616,Plastics_Bottle_Manufacturing
326160,Plastics_Bottle_Manufacturing
32619,Other_Plastics_Product_Manufacturing
326191,Plastics_Plumbing_Fixture_Manufacturing
326199,All_Other_Plastics_Product_Manufacturing
3262,Rubber_Product_Manufacturing
32621,Tire_Manufacturing
326211,Tire_Manufacturing_(except_Retreading)
326212,Tire_Retreading
32622,Rubber_and_Plastics_Hoses_and_Belting_Manufacturing
326220,Rubber_and_Plastics_Hoses_and_Belting_Manufacturing
32629,Other_Rubber_Product_Manufacturing
326291,Rubber_Product_Manufacturing_for_Mechanical_Use
326299,All_Other_Rubber_Product_Manufacturing
327,Nonmetallic_Mineral_Product_Manufacturing
3271,Clay_Product_and_Refractory_Manufacturing
32711,"Pottery,_Ceramics,_and_Plumbing_Fixture_Manufacturing"
327110,"Pottery,_Ceramics,_and_Plumbing_Fixture_Manufacturing"
32712,Clay_Building_Material_and_Refractories_Manufacturing
327120,Clay_Building_Material_and_Refractories_Manufacturing
3272,Glass_and_Glass_Product_Manufacturing
32721,Glass_and_Glass_Product_Manufacturing
327211,Flat_Glass_Manufacturing
327212,Other_Pressed_and_Blown_Glass_and_Glassware_Manufacturing
327213,Glass_Container_Manufacturing
327215,Glass_Product_Manufacturing_Made_of_Purchased_Glass
3273,Cement_and_Concrete_Product_Manufacturing
32731,Cement_Manufacturing
327310,Cement_Manufacturing
32732,Ready-Mix_Concrete_Manufacturing
327320,Ready-Mix_Concrete_Manufacturing
32733,"Concrete_Pipe,_Brick,_and_Block_Manufacturing"
327331,Concrete_Block_and_Brick_Manufacturing
327332,Concrete_Pipe_Manufacturing
32739,Other_Concrete_Product_Manufacturing
327390,Other_Concrete_Product_Manufacturing
3274,Lime_and_Gypsum_Product_Manufacturing
32741,Lime_Manufacturing
327410,Lime_Manufacturing
32742,Gypsum_Product_Manufacturing
327420,Gypsum_Product_Manufacturing
3279,Other_Nonmetallic_Mineral_Product_Manufacturing
32791,Abrasive_Product_Manufacturing
327910,Abrasive_Product_Manufacturing
32799,All_Other_Nonmetallic_Mineral_Product_Manufacturing
327991,Cut_Stone_and_Stone_Product_Manufacturing
327992,Ground_or_Treated_Mineral_and_Earth_Manufacturing
327993,Mineral_Wool_Manufacturing
327999,All_Other_Miscellaneous_Nonmetallic_Mineral_Product_Manufacturing
331,Primary_Metal_Manufacturing
3311,Iron_and_Steel_Mills_and_Ferroalloy_Manufacturing
33111,Iron_and_Steel_Mills_and_Ferroalloy_Manufacturing
331110,Iron_and_Steel_Mills_and_Ferroalloy_Manufacturing
3312,Steel_Product_Manufacturing_from_Purchased_Steel
33121,Iron_and_Steel_Pipe_and_Tube_Manufacturing_from_Purchased_Steel
331210,Iron_and_Steel_Pipe_and_Tube_Manufacturing_from_Purchased_Steel
33122,Rolling_and_Drawing_of_Purchased_Steel
331221,Rolled_Steel_Shape_Manufacturing
331222,Steel_Wire_Drawing
3313,Alumina_and_Aluminum_Production_and_Processing
33131,Alumina_and_Aluminum_Production_and_Processing
331313,Alumina_Refining_and_Primary_Aluminum_Production
331314,Secondary_Smelting_and_Alloying_of_Aluminum
331315,"Aluminum_Sheet,_Plate,_and_Foil_Manufacturing"
331318,"Other_Aluminum_Rolling,_Drawing,_and_Extruding"
3314,Nonferrous_Metal_(except_Aluminum)_Production_and_Processing
33141,Nonferrous_Metal_(except_Aluminum)_Smelting_and_Refining
331410,Nonferrous_Metal_(except_Aluminum)_Smelting_and_Refining
33142,"Copper_Rolling,_Drawing,_Extruding,_and_Alloying"
331420,"Copper_Rolling,_Drawing,_Extruding,_and_Alloying"
33149,"Nonferrous_Metal_(except_Copper_and_Aluminum)_Rolling,_Drawing,_Extruding,_and_Alloying"
331491,"Nonferrous_Metal_(except_Copper_and_Aluminum)_Rolling,_Drawing,_and_Extruding"
331492,"Secondary_Smelting,_Refining,_and_Alloying_of_Nonferrous_Metal_(except_Copper_and_Aluminum)"
3315,Foundries
33151,Ferrous_Metal_Foundries
331511,Iron_Foundries
331512,Steel_Investment_Foundries
331513,Steel_Foundries_(except_Investment)
33152,Nonferrous_Metal_Foundries
331523,Nonferrous_Metal_Die-Casting_Foundries
331524,Aluminum_Foundries_(except_Die-Casting)
331529,Other_Nonferrous_Metal_Foundries_(except_Die-Casting)
332,Fabricated_Metal_Product_Manufacturing
3321,Forging_and_Stamping
33211,Forging_and_Stamping
332111,Iron_and_Steel_Forging
332112,Nonferrous_Forging
332114,Custom_Roll_Forming
332117,Powder_Metallurgy_Part_Manufacturing
332119,"Metal_Crown,_Closure,_and_Other_Metal_Stamping_(except_Automotive)"
3322,Cutlery_and_Handtool_Manufacturing
33221,Cutlery_and_Handtool_Manufacturing
332215,"Metal_Kitchen_Cookware,_Utensil,_Cutlery,_and_Flatware_(except_Precious)_Manufacturing"
332216,Saw_Blade_and_Handtool_Manufacturing
3323,Architectural_and_Structural_Metals_Manufacturing
33231,Plate_Work_and_Fabricated_Structural_Product_Manufacturing
332311,Prefabricated_Metal_Building_and_Component_Manufacturing
332312,Fabricated_Structural_Metal_Manufacturing
332313,Plate_Work_Manufacturing
33232,Ornamental_and_Architectural_Metal_Products_Manufacturing
332321,Metal_Window_and_Door_Manufacturing
332322,Sheet_Metal_Work_Manufacturing
332323,Ornamental_and_Architectural_Metal_Work_Manufacturing
3324,"Boiler,_Tank,_and_Shipping_Container_Manufacturing"
33241,Power_Boiler_and_Heat_Exchanger_Manufacturing
332410,Power_Boiler_and_Heat_Exchanger_Manufacturing
33242,Metal_Tank_(Heavy_Gauge)_Manufacturing
332420,Metal_Tank_(Heavy_Gauge)_Manufacturing
33243,"Metal_Can,_Box,_and_Other_Metal_Container_(Light_Gauge)_Manufacturing"
332431,Metal_Can_Manufacturing
332439,Other_Metal_Container_Manufacturing
3325,Hardware_Manufacturing
33251,Hardware_Manufacturing
332510,Hardware_Manufacturing
3326,Spring_and_Wire_Product_Manufacturing
33261,Spring_and_Wire_Product_Manufacturing
332613,Spring_Manufacturing
332618,Other_Fabricated_Wire_Product_Manufacturing
3327,"Machine_Shops;_Turned_Product;_and_Screw,_Nut,_and_Bolt_Manufacturing"
33271,Machine_Shops
332710,Machine_Shops
33272,"Turned_Product_and_Screw,_Nut,_and_Bolt_Manufacturing"
332721,Precision_Turned_Product_Manufacturing
332722,"Bolt,_Nut,_Screw,_Rivet,_and_Washer_Manufacturing"
3328,"Coating,_Engraving,_Heat_Treating,_and_Allied_Activities"
33281,"Coating,_Engraving,_Heat_Treating,_and_Allied_Activities"
332811,Metal_Heat_Treating
332812,"Metal_Coating,_Engraving_(except_Jewelry_and_Silverware),_and_Allied_Services_to_Manufacturers"
332813,"Electroplating,_Plating,_Polishing,_Anodizing,_and_Coloring"
3329,Other_Fabricated_Metal_Product_Manufacturing
33291,Metal_Valve_Manufacturing
332911,Industrial_Valve_Manufacturing
332912,Fluid_Power_Valve_and_Hose_Fitting_Manufacturing
332913,Plumbing_Fixture_Fitting_and_Trim_Manufacturing
332919,Other_Metal_Valve_and_Pipe_Fitting_Manufacturing
33299,All_Other_Fabricated_Metal_Product_Manufacturing
332991,Ball_and_Roller_Bearing_Manufacturing
332992,Small_Arms_Ammunition_Manufacturing
332993,Ammunition_(except_Small_Arms)_Manufacturing
332994,"Small_Arms,_Ordnance,_and_Ordnance_Accessories_Manufacturing"
332996,Fabricated_Pipe_and_Pipe_Fitting_Manufacturing
332999,All_Other_Miscellaneous_Fabricated_Metal_Product_Manufacturing
333,Machinery_Manufacturing
3331,"Agriculture,_Construction,_and_Mining_Machinery_Manufacturing"
33311,Agricultural_Implement_Manufacturing
333111,Farm_Machinery_and_Equipment_Manufacturing
333112,Lawn_and_Garden_Tractor_and_Home_Lawn_and_Garden_Equipment_Manufacturing
33312,Construction_Machinery_Manufacturing
333120,Construction_Machinery_Manufacturing
33313,Mining_and_Oil_and_Gas_Field_Machinery_Manufacturing
333131,Mining_Machinery_and_Equipment_Manufacturing
333132,Oil_and_Gas_Field_Machinery_and_Equipment_Manufacturing
3332,Industrial_Machinery_Manufacturing
33324,Industrial_Machinery_Manufacturing
333241,Food_Product_Machinery_Manufacturing
333242,Semiconductor_Machinery_Manufacturing
333243,"Sawmill,_Woodworking,_and_Paper_Machinery_Manufacturing"
333244,Printing_Machinery_and_Equipment_Manufacturing
333249,Other_Industrial_Machinery_Manufacturing
3333,Commercial_and_Service_Industry_Machinery_Manufacturing
33331,Commercial_and_Service_Industry_Machinery_Manufacturing
333314,Optical_Instrument_and_Lens_Manufacturing
333316,Photographic_and_Photocopying_Equipment_Manufacturing
333318,Other_Commercial_and_Service_Industry_Machinery_Manufacturing
3334,"Ventilation,_Heating,_Air-Conditioning,_and_Commercial_Refrigeration_Equipment_Manufacturing"
33341,"Ventilation,_Heating,_Air-Conditioning,_and_Commercial_Refrigeration_Equipment_Manufacturing"
333413,Industrial_and_Commercial_Fan_and_Blower_and_Air_Purification_Equipment_Manufacturing
333414,Heating_Equipment_(except_Warm_Air_Furnaces)_Manufacturing
333415,Air-Conditioning_and_Warm_Air_Heating_Equipment_and_Commercial_and_Industrial_Refrigeration_Equipment_Manufacturing
3335,Metalworking_Machinery_Manufacturing
33351,Metalworking_Machinery_Manufacturing
333511,Industrial_Mold_Manufacturing
333514,"Special_Die_and_Tool,_Die_Set,_Jig,_and_Fixture_Manufacturing"
333515,Cutting_Tool_and_Machine_Tool_Accessory_Manufacturing
333517,Machine_Tool_Manufacturing
333519,Rolling_Mill_and_Other_Metalworking_Machinery_Manufacturing
3336,"Engine,_Turbine,_and_Power_Transmission_Equipment_Manufacturing"
33361,"Engine,_Turbine,_and_Power_Transmission_Equipment_Manufacturing"
333611,Turbine_and_Turbine_Generator_Set_Units_Manufacturing
333612,"Speed_Changer,_Industrial_High-Speed_Drive,_and_Gear_Manufacturing"
333613,Mechanical_Power_Transmission_Equipment_Manufacturing
333618,Other_Engine_Equipment_Manufacturing
3339,Other_General_Purpose_Machinery_Manufacturing
33391,Pump_and_Compressor_Manufacturing
333911,Pump_and_Pumping_Equipment_Manufacturing
333912,Air_and_Gas_Compressor_Manufacturing
333913,Measuring_and_Dispensing_Pump_Manufacturing
33392,Material_Handling_Equipment_Manufacturing
333921,Elevator_and_Moving_Stairway_Manufacturing
333922,Conveyor_and_Conveying_Equipment_Manufacturing
333923,"Overhead_Traveling_Crane,_Hoist,_and_Monorail_System_Manufacturing"
333924,"Industrial_Truck,_Tractor,_Trailer,_and_Stacker_Machinery_Manufacturing"
33399,All_Other_General_Purpose_Machinery_Manufacturing
333991,Power-Driven_Handtool_Manufacturing
333992,Welding_and_Soldering_Equipment_Manufacturing
333993,Packaging_Machinery_Manufacturing
333994,Industrial_Process_Furnace_and_Oven_Manufacturing
333995,Fluid_Power_Cylinder_and_Actuator_Manufacturing
333996,Fluid_Power_Pump_and_Motor_Manufacturing
333997,Scale_and_Balance_Manufacturing
333999,All_Other_Miscellaneous_General_Purpose_Machinery_Manufacturing
334,Computer_and_Electronic_Product_Manufacturing
3341,Computer_and_Peripheral_Equipment_Manufacturing
33411,Computer_and_Peripheral_Equipment_Manufacturing
334111,Electronic_Computer_Manufacturing
334112,Computer_Storage_Device_Manufacturing
334118,Computer_Terminal_and_Other_Computer_Peripheral_Equipment_Manufacturing
3342,Communications_Equipment_Manufacturing
33421,Telephone_Apparatus_Manufacturing
334210,Telephone_Apparatus_Manufacturing
33422,Radio_and_Television_Broadcasting_and_Wireless_Communications_Equipment_Manufacturing
334220,Radio_and_Television_Broadcasting_and_Wireless_Communications_Equipment_Manufacturing
33429,Other_Communications_Equipment_Manufacturing
334290,Other_Communications_Equipment_Manufacturing
3343,Audio_and_Video_Equipment_Manufacturing
33431,Audio_and_Video_Equipment_Manufacturing
334310,Audio_and_Video_Equipment_Manufacturing
3344,Semiconductor_and_Other_Electronic_Component_Manufacturing
33441,Semiconductor_and_Other_Electronic_Component_Manufacturing
334412,Bare_Printed_Circuit_Board_Manufacturing
334413,Semiconductor_and_Related_Device_Manufacturing
334416,"Capacitor,_Resistor,_Coil,_Transformer,_and_Other_Inductor_Manufacturing"
334417,Electronic_Connector_Manufacturing
334418,Printed_Circuit_Assembly_(Electronic_Assembly)_Manufacturing
334419,Other_Electronic_Component_Manufacturing
3345,"Navigational,_Measuring,_Electromedical,_and_Control_Instruments_Manufacturing"
33451,"Navigational,_Measuring,_Electromedical,_and_Control_Instruments_Manufacturing"
334510,Electromedical_and_Electrotherapeutic_Apparatus_Manufacturing
334511,"Search,_Detection,_Navigation,_Guidance,_Aeronautical,_and_Nautical_System_and_Instrument_Manufacturing"
334512,"Automatic_Environmental_Control_Manufacturing_for_Residential,_Commercial,_and_Appliance_Use"
334513,"Instruments_and_Related_Products_Manufacturing_for_Measuring,_Displaying,_and_Controlling_Industrial_Process_Variables"
334514,Totalizing_Fluid_Meter_and_Counting_Device_Manufacturing
334515,Instrument_Manufacturing_for_Measuring_and_Testing_Electricity_and_Electrical_Signals
334516,Analytical_Laboratory_Instrument_Manufacturing
334517,Irradiation_Apparatus_Manufacturing
334519,Other_Measuring_and_Controlling_Device_Manufacturing
3346,Manufacturing_and_Reproducing_Magnetic_and_Optical_Media
33461,Manufacturing_and_Reproducing_Magnetic_and_Optical_Media
334613,Blank_Magnetic_and_Optical_Recording_Media_Manufacturing
334614,"Software_and_Other_Prerecorded_Compact_Disc,_Tape,_and_Record_Reproducing"
335,"Electrical_Equipment,_Appliance,_and_Component_Manufacturing"
3351,Electric_Lighting_Equipment_Manufacturing
33511,Electric_Lamp_Bulb_and_Part_Manufacturing
335110,Electric_Lamp_Bulb_and_Part_Manufacturing
33512,Lighting_Fixture_Manufacturing
335121,Residential_Electric_Lighting_Fixture_Manufacturing
335122,"Commercial,_Industrial,_and_Institutional_Electric_Lighting_Fixture_Manufacturing"
335129,Other_Lighting_Equipment_Manufacturing
3352,Household_Appliance_Manufacturing
33521,Small_Electrical_Appliance_Manufacturing
335210,Small_Electrical_Appliance_Manufacturing
33522,Major_Appliance_Manufacturing
335221,Household_Cooking_Appliance_Manufacturing
335222,Household_Refrigerator_and_Home_Freezer_Manufacturing
335224,Household_Laundry_Equipment_Manufacturing
335228,Other_Major_Household_Appliance_Manufacturing
3353,Electrical_Equipment_Manufacturing
33531,Electrical_Equipment_Manufacturing
335311,"Power,_Distribution,_and_Specialty_Transformer_Manufacturing"
335312,Motor_and_Generator_Manufacturing
335313,Switchgear_and_Switchboard_Apparatus_Manufacturing
335314,Relay_and_Industrial_Control_Manufacturing
3359,Other_Electrical_Equipment_and_Component_Manufacturing
33591,Battery_Manufacturing
335911,Storage_Battery_Manufacturing
335912,Primary_Battery_Manufacturing
33592,Communication_and_Energy_Wire_and_Cable_Manufacturing
335921,Fiber_Optic_Cable_Manufacturing
335929,Other_Communication_and_Energy_Wire_Manufacturing
33593,Wiring_Device_Manufacturing
335931,Current-Carrying_Wiring_Device_Manufacturing
335932,Noncurrent-Carrying_Wiring_Device_Manufacturing
33599,All_Other_Electrical_Equipment_and_Component_Manufacturing
335991,Carbon_and_Graphite_Product_Manufacturing
335999,All_Other_Miscellaneous_Electrical_Equipment_and_Component_Manufacturing
336,Transportation_Equipment_Manufacturing
3361,Motor_Vehicle_Manufacturing
33611,Automobile_and_Light_Duty_Motor_Vehicle_Manufacturing
336111,Automobile_Manufacturing
336112,Light_Truck_and_Utility_Vehicle_Manufacturing
33612,Heavy_Duty_Truck_Manufacturing
336120,Heavy_Duty_Truck_Manufacturing
3362,Motor_Vehicle_Body_and_Trailer_Manufacturing
33621,Motor_Vehicle_Body_and_Trailer_Manufacturing
336211,Motor_Vehicle_Body_Manufacturing
336212,Truck_Trailer_Manufacturing
336213,Motor_Home_Manufacturing
336214,Travel_Trailer_and_Camper_Manufacturing
3363,Motor_Vehicle_Parts_Manufacturing
33631,Motor_Vehicle_Gasoline_Engine_and_Engine_Parts_Manufacturing
336310,Motor_Vehicle_Gasoline_Engine_and_Engine_Parts_Manufacturing
33632,Motor_Vehicle_Electrical_and_Electronic_Equipment_Manufacturing
336320,Motor_Vehicle_Electrical_and_Electronic_Equipment_Manufacturing
33633,Motor_Vehicle_Steering_and_Suspension_Components_(except_Spring)_Manufacturing
336330,Motor_Vehicle_Steering_and_Suspension_Components_(except_Spring)_Manufacturing
33634,Motor_Vehicle_Brake_System_Manufacturing
336340,Motor_Vehicle_Brake_System_Manufacturing
33635,Motor_Vehicle_Transmission_and_Power_Train_Parts_Manufacturing
336350,Motor_Vehicle_Transmission_and_Power_Train_Parts_Manufacturing
33636,Motor_Vehicle_Seating_and_Interior_Trim_Manufacturing
336360,Motor_Vehicle_Seating_and_Interior_Trim_Manufacturing
33637,Motor_Vehicle_Metal_Stamping
336370,Motor_Vehicle_Metal_Stamping
33639,Other_Motor_Vehicle_Parts_Manufacturing
336390,Other_Motor_Vehicle_Parts_Manufacturing
3364,Aerospace_Product_and_Parts_Manufacturing
33641,Aerospace_Product_and_Parts_Manufacturing
336411,Aircraft_Manufacturing
336412,Aircraft_Engine_and_Engine_Parts_Manufacturing
336413,Other_Aircraft_Parts_and_Auxiliary_Equipment_Manufacturing
336414,Guided_Missile_and_Space_Vehicle_Manufacturing
336415,Guided_Missile_and_Space_Vehicle_Propulsion_Unit_and_Propulsion_Unit_Parts_Manufacturing
336419,Other_Guided_Missile_and_Space_Vehicle_Parts_and_Auxiliary_Equipment_Manufacturing
3365,Railroad_Rolling_Stock_Manufacturing
33651,Railroad_Rolling_Stock_Manufacturing
336510,Railroad_Rolling_Stock_Manufacturing
3366,Ship_and_Boat_Building
33661,Ship_and_Boat_Building
336611,Ship_Building_and_Repairing
336612,Boat_Building
3369,Other_Transportation_Equipment_Manufacturing
33699,Other_Transportation_Equipment_Manufacturing
336991,"Motorcycle,_Bicycle,_and_Parts_Manufacturing"
336992,"Military_Armored_Vehicle,_Tank,_and_Tank_Component_Manufacturing"
336999,All_Other_Transportation_Equipment_Manufacturing
337,Furniture_and_Related_Product_Manufacturing
3371,Household_and_Institutional_Furniture_and_Kitchen_Cabinet_Manufacturing
33711,Wood_Kitchen_Cabinet_and_Countertop_Manufacturing
337110,Wood_Kitchen_Cabinet_and_Countertop_Manufacturing
33712,Household_and_Institutional_Furniture_Manufacturing
337121,Upholstered_Household_Furniture_Manufacturing
337122,Nonupholstered_Wood_Household_Furniture_Manufacturing
337124,Metal_Household_Furniture_Manufacturing
337125,Household_Furniture_(except_Wood_and_Metal)_Manufacturing
337127,Institutional_Furniture_Manufacturing
3372,Office_Furniture_(including_Fixtures)_Manufacturing
33721,Office_Furniture_(including_Fixtures)_Manufacturing
337211,Wood_Office_Furniture_Manufacturing
337212,Custom_Architectural_Woodwork_and_Millwork_Manufacturing
337214,Office_Furniture_(except_Wood)_Manufacturing
337215,"Showcase,_Partition,_Shelving,_and_Locker_Manufacturing"
3379,Other_Furniture_Related_Product_Manufacturing
33791,Mattress_Manufacturing
337910,Mattress_Manufacturing
33792,Blind_and_Shade_Manufacturing
337920,Blind_and_Shade_Manufacturing
339,Miscellaneous_Manufacturing
3391,Medical_Equipment_and_Supplies_Manufacturing
33911,Medical_Equipment_and_Supplies_Manufacturing
339112,Surgical_and_Medical_Instrument_Manufacturing
339113,Surgical_Appliance_and_Supplies_Manufacturing
339114,Dental_Equipment_and_Supplies_Manufacturing
339115,Ophthalmic_Goods_Manufacturing
339116,Dental_Laboratories
3399,Other_Miscellaneous_Manufacturing
33991,Jewelry_and_Silverware_Manufacturing
339910,Jewelry_and_Silverware_Manufacturing
33992,Sporting_and_Athletic_Goods_Manufacturing
339920,Sporting_and_Athletic_Goods_Manufacturing
33993,"Doll,_Toy,_and_Game_Manufacturing"
339930,"Doll,_Toy,_and_Game_Manufacturing"
33994,Office_Supplies_(except_Paper)_Manufacturing
339940,Office_Supplies_(except_Paper)_Manufacturing
33995,Sign_Manufacturing
339950,Sign_Manufacturing
33999,All_Other_Miscellaneous_Manufacturing
339991,"Gasket,_Packing,_and_Sealing_Device_Manufacturing"
339992,Musical_Instrument_Manufacturing
339993,"Fastener,_Button,_Needle,_and_Pin_Manufacturing"
339994,"Broom,_Brush,_and_Mop_Manufacturing"
339995,Burial_Casket_Manufacturing
339999,All_Other_Miscellaneous_Manufacturing
42----,Wholesale_Trade
423,"Merchant_Wholesalers,_Durable_Goods"
4231,Motor_Vehicle_and_Motor_Vehicle_Parts_and_Supplies_Merchant_Wholesalers
42311,Automobile_and_Other_Motor_Vehicle_Merchant_Wholesalers
423110,Automobile_and_Other_Motor_Vehicle_Merchant_Wholesalers
42312,Motor_Vehicle_Supplies_and_New_Parts_Merchant_Wholesalers
423120,Motor_Vehicle_Supplies_and_New_Parts_Merchant_Wholesalers
42313,Tire_and_Tube_Merchant_Wholesalers
423130,Tire_and_Tube_Merchant_Wholesalers
42314,Motor_Vehicle_Parts_(Used)_Merchant_Wholesalers
423140,Motor_Vehicle_Parts_(Used)_Merchant_Wholesalers
4232,Furniture_and_Home_Furnishing_Merchant_Wholesalers
42321,Furniture_Merchant_Wholesalers
423210,Furniture_Merchant_Wholesalers
42322,Home_Furnishing_Merchant_Wholesalers
423220,Home_Furnishing_Merchant_Wholesalers
4233,Lumber_and_Other_Construction_Materials_Merchant_Wholesalers
42331,"Lumber,_Plywood,_Millwork,_and_Wood_Panel_Merchant_Wholesalers"
423310,"Lumber,_Plywood,_Millwork,_and_Wood_Panel_Merchant_Wholesalers"
42332,"Brick,_Stone,_and_Related_Construction_Material_Merchant_Wholesalers"
423320,"Brick,_Stone,_and_Related_Construction_Material_Merchant_Wholesalers"
42333,"Roofing,_Siding,_and_Insulation_Material_Merchant_Wholesalers"
423330,"Roofing,_Siding,_and_Insulation_Material_Merchant_Wholesalers"
42339,Other_Construction_Material_Merchant_Wholesalers
423390,Other_Construction_Material_Merchant_Wholesalers
4234,Professional_and_Commercial_Equipment_and_Supplies_Merchant_Wholesalers
42341,Photographic_Equipment_and_Supplies_Merchant_Wholesalers
423410,Photographic_Equipment_and_Supplies_Merchant_Wholesalers
42342,Office_Equipment_Merchant_Wholesalers
423420,Office_Equipment_Merchant_Wholesalers
42343,Computer_and_Computer_Peripheral_Equipment_and_Software_Merchant_Wholesalers
423430,Computer_and_Computer_Peripheral_Equipment_and_Software_Merchant_Wholesalers
42344,Other_Commercial_Equipment_Merchant_Wholesalers
423440,Other_Commercial_Equipment_Merchant_Wholesalers
42345,"Medical,_Dental,_and_Hospital_Equipment_and_Supplies_Merchant_Wholesalers"
423450,"Medical,_Dental,_and_Hospital_Equipment_and_Supplies_Merchant_Wholesalers"
42346,Ophthalmic_Goods_Merchant_Wholesalers
423460,Ophthalmic_Goods_Merchant_Wholesalers
42349,Other_Professional_Equipment_and_Supplies_Merchant_Wholesalers
423490,Other_Professional_Equipment_and_Supplies_Merchant_Wholesalers
4235,Metal_and_Mineral_(except_Petroleum)_Merchant_Wholesalers
42351,Metal_Service_Centers_and_Other_Metal_Merchant_Wholesalers
423510,Metal_Service_Centers_and_Other_Metal_Merchant_Wholesalers
42352,Coal_and_Other_Mineral_and_Ore_Merchant_Wholesalers
423520,Coal_and_Other_Mineral_and_Ore_Merchant_Wholesalers
4236,Household_Appliances_and_Electrical_and_Electronic_Goods_Merchant_Wholesalers
42361,"Electrical_Apparatus_and_Equipment,_Wiring_Supplies,_and_Related_Equipment_Merchant_Wholesalers"
423610,"Electrical_Apparatus_and_Equipment,_Wiring_Supplies,_and_Related_Equipment_Merchant_Wholesalers"
42362,"Household_Appliances,_Electric_Housewares,_and_Consumer_Electronics_Merchant_Wholesalers"
423620,"Household_Appliances,_Electric_Housewares,_and_Consumer_Electronics_Merchant_Wholesalers"
42369,Other_Electronic_Parts_and_Equipment_Merchant_Wholesalers
423690,Other_Electronic_Parts_and_Equipment_Merchant_Wholesalers
4237,"Hardware,_and_Plumbing_and_Heating_Equipment_and_Supplies_Merchant_Wholesalers"
42371,Hardware_Merchant_Wholesalers
423710,Hardware_Merchant_Wholesalers
42372,Plumbing_and_Heating_Equipment_and_Supplies_(Hydronics)_Merchant_Wholesalers
423720,Plumbing_and_Heating_Equipment_and_Supplies_(Hydronics)_Merchant_Wholesalers
42373,Warm_Air_Heating_and_Air-Conditioning_Equipment_and_Supplies_Merchant_Wholesalers
423730,Warm_Air_Heating_and_Air-Conditioning_Equipment_and_Supplies_Merchant_Wholesalers
42374,Refrigeration_Equipment_and_Supplies_Merchant_Wholesalers
423740,Refrigeration_Equipment_and_Supplies_Merchant_Wholesalers
4238,"Machinery,_Equipment,_and_Supplies_Merchant_Wholesalers"
42381,Construction_and_Mining_(except_Oil_Well)_Machinery_and_Equipment_Merchant_Wholesalers
423810,Construction_and_Mining_(except_Oil_Well)_Machinery_and_Equipment_Merchant_Wholesalers
42382,Farm_and_Garden_Machinery_and_Equipment_Merchant_Wholesalers
423820,Farm_and_Garden_Machinery_and_Equipment_Merchant_Wholesalers
42383,Industrial_Machinery_and_Equipment_Merchant_Wholesalers
423830,Industrial_Machinery_and_Equipment_Merchant_Wholesalers
42384,Industrial_Supplies_Merchant_Wholesalers
423840,Industrial_Supplies_Merchant_Wholesalers
42385,Service_Establishment_Equipment_and_Supplies_Merchant_Wholesalers
423850,Service_Establishment_Equipment_and_Supplies_Merchant_Wholesalers
42386,Transportation_Equipment_and_Supplies_(except_Motor_Vehicle)_Merchant_Wholesalers
423860,Transportation_Equipment_and_Supplies_(except_Motor_Vehicle)_Merchant_Wholesalers
4239,Miscellaneous_Durable_Goods_Merchant_Wholesalers
42391,Sporting_and_Recreational_Goods_and_Supplies_Merchant_Wholesalers
423910,Sporting_and_Recreational_Goods_and_Supplies_Merchant_Wholesalers
42392,Toy_and_Hobby_Goods_and_Supplies_Merchant_Wholesalers
423920,Toy_and_Hobby_Goods_and_Supplies_Merchant_Wholesalers
42393,Recyclable_Material_Merchant_Wholesalers
423930,Recyclable_Material_Merchant_Wholesalers
42394,"Jewelry,_Watch,_Precious_Stone,_and_Precious_Metal_Merchant_Wholesalers"
423940,"Jewelry,_Watch,_Precious_Stone,_and_Precious_Metal_Merchant_Wholesalers"
42399,Other_Miscellaneous_Durable_Goods_Merchant_Wholesalers
423990,Other_Miscellaneous_Durable_Goods_Merchant_Wholesalers
424,"Merchant_Wholesalers,_Nondurable_Goods"
4241,Paper_and_Paper_Product_Merchant_Wholesalers
42411,Printing_and_Writing_Paper_Merchant_Wholesalers
424110,Printing_and_Writing_Paper_Merchant_Wholesalers
42412,Stationery_and_Office_Supplies_Merchant_Wholesalers
424120,Stationery_and_Office_Supplies_Merchant_Wholesalers
42413,Industrial_and_Personal_Service_Paper_Merchant_Wholesalers
424130,Industrial_and_Personal_Service_Paper_Merchant_Wholesalers
4242,Drugs_and_Druggists'_Sundries_Merchant_Wholesalers
42421,Drugs_and_Druggists'_Sundries_Merchant_Wholesalers
424210,Drugs_and_Druggists'_Sundries_Merchant_Wholesalers
4243,"Apparel,_Piece_Goods,_and_Notions_Merchant_Wholesalers"
42431,"Piece_Goods,_Notions,_and_Other_Dry_Goods_Merchant_Wholesalers"
424310,"Piece_Goods,_Notions,_and_Other_Dry_Goods_Merchant_Wholesalers"
42432,Men's_and_Boys'_Clothing_and_Furnishings_Merchant_Wholesalers
424320,Men's_and_Boys'_Clothing_and_Furnishings_Merchant_Wholesalers
42433,"Women's,_Children's,_and_Infants'_Clothing_and_Accessories_Merchant_Wholesalers"
424330,"Women's,_Children's,_and_Infants'_Clothing_and_Accessories_Merchant_Wholesalers"
42434,Footwear_Merchant_Wholesalers
424340,Footwear_Merchant_Wholesalers
4244,Grocery_and_Related_Product_Merchant_Wholesalers
42441,General_Line_Grocery_Merchant_Wholesalers
424410,General_Line_Grocery_Merchant_Wholesalers
42442,Packaged_Frozen_Food_Merchant_Wholesalers
424420,Packaged_Frozen_Food_Merchant_Wholesalers
42443,Dairy_Product_(except_Dried_or_Canned)_Merchant_Wholesalers
424430,Dairy_Product_(except_Dried_or_Canned)_Merchant_Wholesalers
42444,Poultry_and_Poultry_Product_Merchant_Wholesalers
424440,Poultry_and_Poultry_Product_Merchant_Wholesalers
42445,Confectionery_Merchant_Wholesalers
424450,Confectionery_Merchant_Wholesalers
42446,Fish_and_Seafood_Merchant_Wholesalers
424460,Fish_and_Seafood_Merchant_Wholesalers
42447,Meat_and_Meat_Product_Merchant_Wholesalers
424470,Meat_and_Meat_Product_Merchant_Wholesalers
42448,Fresh_Fruit_and_Vegetable_Merchant_Wholesalers
424480,Fresh_Fruit_and_Vegetable_Merchant_Wholesalers
42449,Other_Grocery_and_Related_Products_Merchant_Wholesalers
424490,Other_Grocery_and_Related_Products_Merchant_Wholesalers
4245,Farm_Product_Raw_Material_Merchant_Wholesalers
42451,Grain_and_Field_Bean_Merchant_Wholesalers
424510,Grain_and_Field_Bean_Merchant_Wholesalers
42452,Livestock_Merchant_Wholesalers
424520,Livestock_Merchant_Wholesalers
42459,Other_Farm_Product_Raw_Material_Merchant_Wholesalers
424590,Other_Farm_Product_Raw_Material_Merchant_Wholesalers
4246,Chemical_and_Allied_Products_Merchant_Wholesalers
42461,Plastics_Materials_and_Basic_Forms_and_Shapes_Merchant_Wholesalers
424610,Plastics_Materials_and_Basic_Forms_and_Shapes_Merchant_Wholesalers
42469,Other_Chemical_and_Allied_Products_Merchant_Wholesalers
424690,Other_Chemical_and_Allied_Products_Merchant_Wholesalers
4247,Petroleum_and_Petroleum_Products_Merchant_Wholesalers
42471,Petroleum_Bulk_Stations_and_Terminals
424710,Petroleum_Bulk_Stations_and_Terminals
42472,Petroleum_and_Petroleum_Products_Merchant_Wholesalers_(except_Bulk_Stations_and_Terminals)
424720,Petroleum_and_Petroleum_Products_Merchant_Wholesalers_(except_Bulk_Stations_and_Terminals)
4248,"Beer,_Wine,_and_Distilled_Alcoholic_Beverage_Merchant_Wholesalers"
42481,Beer_and_Ale_Merchant_Wholesalers
424810,Beer_and_Ale_Merchant_Wholesalers
42482,Wine_and_Distilled_Alcoholic_Beverage_Merchant_Wholesalers
424820,Wine_and_Distilled_Alcoholic_Beverage_Merchant_Wholesalers
4249,Miscellaneous_Nondurable_Goods_Merchant_Wholesalers
42491,Farm_Supplies_Merchant_Wholesalers
424910,Farm_Supplies_Merchant_Wholesalers
42492,"Book,_Periodical,_and_Newspaper_Merchant_Wholesalers"
424920,"Book,_Periodical,_and_Newspaper_Merchant_Wholesalers"
42493,"Flower,_Nursery_Stock,_and_Florists'_Supplies_Merchant_Wholesalers"
424930,"Flower,_Nursery_Stock,_and_Florists'_Supplies_Merchant_Wholesalers"
42494,Tobacco_and_Tobacco_Product_Merchant_Wholesalers
424940,Tobacco_and_Tobacco_Product_Merchant_Wholesalers
42495,"Paint,_Varnish,_and_Supplies_Merchant_Wholesalers"
424950,"Paint,_Varnish,_and_Supplies_Merchant_Wholesalers"
42499,Other_Miscellaneous_Nondurable_Goods_Merchant_Wholesalers
424990,Other_Miscellaneous_Nondurable_Goods_Merchant_Wholesalers
425,Wholesale_Electronic_Markets_and_Agents_and_Brokers
4251,Wholesale_Electronic_Markets_and_Agents_and_Brokers
42511,Business_to_Business_Electronic_Markets
425110,Business_to_Business_Electronic_Markets
42512,Wholesale_Trade_Agents_and_Brokers
425120,Wholesale_Trade_Agents_and_Brokers
44----,Retail_Trade
441,Motor_Vehicle_and_Parts_Dealers
4411,Automobile_Dealers
44111,New_Car_Dealers
441110,New_Car_Dealers
44112,Used_Car_Dealers
441120,Used_Car_Dealers
4412,Other_Motor_Vehicle_Dealers
44121,Recreational_Vehicle_Dealers
441210,Recreational_Vehicle_Dealers
44122,"Motorcycle,_Boat,_and_Other_Motor_Vehicle_Dealers"
441222,Boat_Dealers
441228,"Motorcycle,_ATV,_and_All_Other_Motor_Vehicle_Dealers"
4413,"Automotive_Parts,_Accessories,_and_Tire_Stores"
44131,Automotive_Parts_and_Accessories_Stores
441310,Automotive_Parts_and_Accessories_Stores
44132,Tire_Dealers
441320,Tire_Dealers
442,Furniture_and_Home_Furnishings_Stores
4421,Furniture_Stores
44211,Furniture_Stores
442110,Furniture_Stores
4422,Home_Furnishings_Stores
44221,Floor_Covering_Stores
442210,Floor_Covering_Stores
44229,Other_Home_Furnishings_Stores
442291,Window_Treatment_Stores
442299,All_Other_Home_Furnishings_Stores
443,Electronics_and_Appliance_Stores
4431,Electronics_and_Appliance_Stores
44314,Electronics_and_Appliance_Stores
443141,Household_Appliance_Stores
443142,Electronics_Stores
444,Building_Material_and_Garden_Equipment_and_Supplies_Dealers
4441,Building_Material_and_Supplies_Dealers
44411,Home_Centers
444110,Home_Centers
44412,Paint_and_Wallpaper_Stores
444120,Paint_and_Wallpaper_Stores
44413,Hardware_Stores
444130,Hardware_Stores
44419,Other_Building_Material_Dealers
444190,Other_Building_Material_Dealers
4442,Lawn_and_Garden_Equipment_and_Supplies_Stores
44421,Outdoor_Power_Equipment_Stores
444210,Outdoor_Power_Equipment_Stores
44422,"Nursery,_Garden_Center,_and_Farm_Supply_Stores"
444220,"Nursery,_Garden_Center,_and_Farm_Supply_Stores"
445,Food_and_Beverage_Stores
4451,Grocery_Stores
44511,Supermarkets_and_Other_Grocery_(except_Convenience)_Stores
445110,Supermarkets_and_Other_Grocery_(except_Convenience)_Stores
44512,Convenience_Stores
445120,Convenience_Stores
4452,Specialty_Food_Stores
44521,Meat_Markets
445210,Meat_Markets
44522,Fish_and_Seafood_Markets
445220,Fish_and_Seafood_Markets
44523,Fruit_and_Vegetable_Markets
445230,Fruit_and_Vegetable_Markets
44529,Other_Specialty_Food_Stores
445291,Baked_Goods_Stores
445292,Confectionery_and_Nut_Stores
445299,All_Other_Specialty_Food_Stores
4453,"Beer,_Wine,_and_Liquor_Stores"
44531,"Beer,_Wine,_and_Liquor_Stores"
445310,"Beer,_Wine,_and_Liquor_Stores"
446,Health_and_Personal_Care_Stores
4461,Health_and_Personal_Care_Stores
44611,Pharmacies_and_Drug_Stores
446110,Pharmacies_and_Drug_Stores
44612,"Cosmetics,_Beauty_Supplies,_and_Perfume_Stores"
446120,"Cosmetics,_Beauty_Supplies,_and_Perfume_Stores"
44613,Optical_Goods_Stores
446130,Optical_Goods_Stores
44619,Other_Health_and_Personal_Care_Stores
446191,Food_(Health)_Supplement_Stores
446199,All_Other_Health_and_Personal_Care_Stores
447,Gasoline_Stations
4471,Gasoline_Stations
44711,Gasoline_Stations_with_Convenience_Stores
447110,Gasoline_Stations_with_Convenience_Stores
44719,Other_Gasoline_Stations
447190,Other_Gasoline_Stations
448,Clothing_and_Clothing_Accessories_Stores
4481,Clothing_Stores
44811,Men's_Clothing_Stores
448110,Men's_Clothing_Stores
44812,Women's_Clothing_Stores
448120,Women's_Clothing_Stores
44813,Children's_and_Infants'_Clothing_Stores
448130,Children's_and_Infants'_Clothing_Stores
44814,Family_Clothing_Stores
448140,Family_Clothing_Stores
44815,Clothing_Accessories_Stores
448150,Clothing_Accessories_Stores
44819,Other_Clothing_Stores
448190,Other_Clothing_Stores
4482,Shoe_Stores
44821,Shoe_Stores
448210,Shoe_Stores
4483,"Jewelry,_Luggage,_and_Leather_Goods_Stores"
44831,Jewelry_Stores
448310,Jewelry_Stores
44832,Luggage_and_Leather_Goods_Stores
448320,Luggage_and_Leather_Goods_Stores
451,"Sporting_Goods,_Hobby,_Musical_Instrument,_and_Book_Stores"
4511,"Sporting_Goods,_Hobby,_and_Musical_Instrument_Stores"
45111,Sporting_Goods_Stores
451110,Sporting_Goods_Stores
45112,"Hobby,_Toy,_and_Game_Stores"
451120,"Hobby,_Toy,_and_Game_Stores"
45113,"Sewing,_Needlework,_and_Piece_Goods_Stores"
451130,"Sewing,_Needlework,_and_Piece_Goods_Stores"
45114,Musical_Instrument_and_Supplies_Stores
451140,Musical_Instrument_and_Supplies_Stores
4512,Book_Stores_and_News_Dealers
45121,Book_Stores_and_News_Dealers
451211,Book_Stores
451212,News_Dealers_and_Newsstands
452,General_Merchandise_Stores
4521,Department_Stores
45211,Department_Stores
452111,Department_Stores_(except_Discount_Department_Stores)
452112,Discount_Department_Stores
4529,Other_General_Merchandise_Stores
45291,Warehouse_Clubs_and_Supercenters
452910,Warehouse_Clubs_and_Supercenters
45299,All_Other_General_Merchandise_Stores
452990,All_Other_General_Merchandise_Stores
453,Miscellaneous_Store_Retailers
4531,Florists
45311,Florists
453110,Florists
4532,"Office_Supplies,_Stationery,_and_Gift_Stores"
45321,Office_Supplies_and_Stationery_Stores
453210,Office_Supplies_and_Stationery_Stores
45322,"Gift,_Novelty,_and_Souvenir_Stores"
453220,"Gift,_Novelty,_and_Souvenir_Stores"
4533,Used_Merchandise_Stores
45331,Used_Merchandise_Stores
453310,Used_Merchandise_Stores
4539,Other_Miscellaneous_Store_Retailers
45391,Pet_and_Pet_Supplies_Stores
453910,Pet_and_Pet_Supplies_Stores
45392,Art_Dealers
453920,Art_Dealers
45393,Manufactured_(Mobile)_Home_Dealers
453930,Manufactured_(Mobile)_Home_Dealers
45399,All_Other_Miscellaneous_Store_Retailers
453991,Tobacco_Stores
453998,All_Other_Miscellaneous_Store_Retailers_(except_Tobacco_Stores)
454,Nonstore_Retailers
4541,Electronic_Shopping_and_Mail-Order_Houses
45411,Electronic_Shopping_and_Mail-Order_Houses
454111,Electronic_Shopping
454112,Electronic_Auctions
454113,Mail-Order_Houses
4542,Vending_Machine_Operators
45421,Vending_Machine_Operators
454210,Vending_Machine_Operators
4543,Direct_Selling_Establishments
45431,Fuel_Dealers
454310,Fuel_Dealers
45439,Other_Direct_Selling_Establishments
454390,Other_Direct_Selling_Establishments
48----,Transportation_and_Warehousing
481,Air_Transportation
4811,Scheduled_Air_Transportation
48111,Scheduled_Air_Transportation
481111,Scheduled_Passenger_Air_Transportation
481112,Scheduled_Freight_Air_Transportation
4812,Nonscheduled_Air_Transportation
48121,Nonscheduled_Air_Transportation
481211,Nonscheduled_Chartered_Passenger_Air_Transportation
481212,Nonscheduled_Chartered_Freight_Air_Transportation
481219,Other_Nonscheduled_Air_Transportation
483,Water_Transportation
4831,"Deep_Sea,_Coastal,_and_Great_Lakes_Water_Transportation"
48311,"Deep_Sea,_Coastal,_and_Great_Lakes_Water_Transportation"
483111,Deep_Sea_Freight_Transportation
483112,Deep_Sea_Passenger_Transportation
483113,Coastal_and_Great_Lakes_Freight_Transportation
483114,Coastal_and_Great_Lakes_Passenger_Transportation
4832,Inland_Water_Transportation
48321,Inland_Water_Transportation
483211,Inland_Water_Freight_Transportation
483212,Inland_Water_Passenger_Transportation
484,Truck_Transportation
4841,General_Freight_Trucking
48411,"General_Freight_Trucking,_Local"
484110,"General_Freight_Trucking,_Local"
48412,"General_Freight_Trucking,_Long-Distance"
484121,"General_Freight_Trucking,_Long-Distance,_Truckload"
484122,"General_Freight_Trucking,_Long-Distance,_Less_Than_Truckload"
4842,Specialized_Freight_Trucking
48421,Used_Household_and_Office_Goods_Moving
484210,Used_Household_and_Office_Goods_Moving
48422,"Specialized_Freight_(except_Used_Goods)_Trucking,_Local"
484220,"Specialized_Freight_(except_Used_Goods)_Trucking,_Local"
48423,"Specialized_Freight_(except_Used_Goods)_Trucking,_Long-Distance"
484230,"Specialized_Freight_(except_Used_Goods)_Trucking,_Long-Distance"
485,Transit_and_Ground_Passenger_Transportation
4851,Urban_Transit_Systems
48511,Urban_Transit_Systems
485111,Mixed_Mode_Transit_Systems
485112,Commuter_Rail_Systems
485113,Bus_and_Other_Motor_Vehicle_Transit_Systems
485119,Other_Urban_Transit_Systems
4852,Interurban_and_Rural_Bus_Transportation
48521,Interurban_and_Rural_Bus_Transportation
485210,Interurban_and_Rural_Bus_Transportation
4853,Taxi_and_Limousine_Service
48531,Taxi_Service
485310,Taxi_Service
48532,Limousine_Service
485320,Limousine_Service
4854,School_and_Employee_Bus_Transportation
48541,School_and_Employee_Bus_Transportation
485410,School_and_Employee_Bus_Transportation
4855,Charter_Bus_Industry
48551,Charter_Bus_Industry
485510,Charter_Bus_Industry
4859,Other_Transit_and_Ground_Passenger_Transportation
48599,Other_Transit_and_Ground_Passenger_Transportation
485991,Special_Needs_Transportation
485999,All_Other_Transit_and_Ground_Passenger_Transportation
486,Pipeline_Transportation
4861,Pipeline_Transportation_of_Crude_Oil
48611,Pipeline_Transportation_of_Crude_Oil
486110,Pipeline_Transportation_of_Crude_Oil
4862,Pipeline_Transportation_of_Natural_Gas
48621,Pipeline_Transportation_of_Natural_Gas
486210,Pipeline_Transportation_of_Natural_Gas
4869,Other_Pipeline_Transportation
48691,Pipeline_Transportation_of_Refined_Petroleum_Products
486910,Pipeline_Transportation_of_Refined_Petroleum_Products
48699,All_Other_Pipeline_Transportation
486990,All_Other_Pipeline_Transportation
487,Scenic_and_Sightseeing_Transportation
4871,"Scenic_and_Sightseeing_Transportation,_Land"
48711,"Scenic_and_Sightseeing_Transportation,_Land"
487110,"Scenic_and_Sightseeing_Transportation,_Land"
4872,"Scenic_and_Sightseeing_Transportation,_Water"
48721,"Scenic_and_Sightseeing_Transportation,_Water"
487210,"Scenic_and_Sightseeing_Transportation,_Water"
4879,"Scenic_and_Sightseeing_Transportation,_Other"
48799,"Scenic_and_Sightseeing_Transportation,_Other"
487990,"Scenic_and_Sightseeing_Transportation,_Other"
488,Support_Activities_for_Transportation
4881,Support_Activities_for_Air_Transportation
48811,Airport_Operations
488111,Air_Traffic_Control
488119,Other_Airport_Operations
48819,Other_Support_Activities_for_Air_Transportation
488190,Other_Support_Activities_for_Air_Transportation
4882,Support_Activities_for_Rail_Transportation
48821,Support_Activities_for_Rail_Transportation
488210,Support_Activities_for_Rail_Transportation
4883,Support_Activities_for_Water_Transportation
48831,Port_and_Harbor_Operations
488310,Port_and_Harbor_Operations
48832,Marine_Cargo_Handling
488320,Marine_Cargo_Handling
48833,Navigational_Services_to_Shipping
488330,Navigational_Services_to_Shipping
48839,Other_Support_Activities_for_Water_Transportation
488390,Other_Support_Activities_for_Water_Transportation
4884,Support_Activities_for_Road_Transportation
48841,Motor_Vehicle_Towing
488410,Motor_Vehicle_Towing
48849,Other_Support_Activities_for_Road_Transportation
488490,Other_Support_Activities_for_Road_Transportation
4885,Freight_Transportation_Arrangement
48851,Freight_Transportation_Arrangement
488510,Freight_Transportation_Arrangement
4889,Other_Support_Activities_for_Transportation
48899,Other_Support_Activities_for_Transportation
488991,Packing_and_Crating
488999,All_Other_Support_Activities_for_Transportation
492,Couriers_and_Messengers
4921,Couriers_and_Express_Delivery_Services
49211,Couriers_and_Express_Delivery_Services
492110,Couriers_and_Express_Delivery_Services
4922,Local_Messengers_and_Local_Delivery
49221,Local_Messengers_and_Local_Delivery
492210,Local_Messengers_and_Local_Delivery
493,Warehousing_and_Storage
4931,Warehousing_and_Storage
49311,General_Warehousing_and_Storage
493110,General_Warehousing_and_Storage
49312,Refrigerated_Warehousing_and_Storage
493120,Refrigerated_Warehousing_and_Storage
49313,Farm_Product_Warehousing_and_Storage
493130,Farm_Product_Warehousing_and_Storage
49319,Other_Warehousing_and_Storage
493190,Other_Warehousing_and_Storage
51----,Information
511,Publishing_Industries_(except_Internet)
5111,"Newspaper,_Periodical,_Book,_and_Directory_Publishers"
51111,Newspaper_Publishers
511110,Newspaper_Publishers
51112,Periodical_Publishers
511120,Periodical_Publishers
51113,Book_Publishers
511130,Book_Publishers
51114,Directory_and_Mailing_List_Publishers
511140,Directory_and_Mailing_List_Publishers
51119,Other_Publishers
511191,Greeting_Card_Publishers
511199,All_Other_Publishers
5112,Software_Publishers
51121,Software_Publishers
511210,Software_Publishers
512,Motion_Picture_and_Sound_Recording_Industries
5121,Motion_Picture_and_Video_Industries
51211,Motion_Picture_and_Video_Production
512110,Motion_Picture_and_Video_Production
51212,Motion_Picture_and_Video_Distribution
512120,Motion_Picture_and_Video_Distribution
51213,Motion_Picture_and_Video_Exhibition
512131,Motion_Picture_Theaters_(except_Drive-Ins)
512132,Drive-In_Motion_Picture_Theaters
51219,Postproduction_Services_and_Other_Motion_Picture_and_Video_Industries
512191,Teleproduction_and_Other_Postproduction_Services
512199,Other_Motion_Picture_and_Video_Industries
5122,Sound_Recording_Industries
51221,Record_Production
512210,Record_Production
51222,Integrated_Record_Production/Distribution
512220,Integrated_Record_Production/Distribution
51223,Music_Publishers
512230,Music_Publishers
51224,Sound_Recording_Studios
512240,Sound_Recording_Studios
51229,Other_Sound_Recording_Industries
512290,Other_Sound_Recording_Industries
515,Broadcasting_(except_Internet)
5151,Radio_and_Television_Broadcasting
51511,Radio_Broadcasting
515111,Radio_Networks
515112,Radio_Stations
51512,Television_Broadcasting
515120,Television_Broadcasting
5152,Cable_and_Other_Subscription_Programming
51521,Cable_and_Other_Subscription_Programming
515210,Cable_and_Other_Subscription_Programming
517,Telecommunications
5171,Wired_Telecommunications_Carriers
51711,Wired_Telecommunications_Carriers
517110,Wired_Telecommunications_Carriers
5172,Wireless_Telecommunications_Carriers_(except_Satellite)
51721,Wireless_Telecommunications_Carriers_(except_Satellite)
517210,Wireless_Telecommunications_Carriers_(except_Satellite)
5174,Satellite_Telecommunications
51741,Satellite_Telecommunications
517410,Satellite_Telecommunications
5179,Other_Telecommunications
51791,Other_Telecommunications
517911,Telecommunications_Resellers
517919,All_Other_Telecommunications
518,"Data_Processing,_Hosting,_and_Related_Services"
5182,"Data_Processing,_Hosting,_and_Related_Services"
51821,"Data_Processing,_Hosting,_and_Related_Services"
518210,"Data_Processing,_Hosting,_and_Related_Services"
519,Other_Information_Services
5191,Other_Information_Services
51911,News_Syndicates
519110,News_Syndicates
51912,Libraries_and_Archives
519120,Libraries_and_Archives
51913,Internet_Publishing_and_Broadcasting_and_Web_Search_Portals
519130,Internet_Publishing_and_Broadcasting_and_Web_Search_Portals
51919,All_Other_Information_Services
519190,All_Other_Information_Services
52----,Finance_and_Insurance
521,Monetary_Authorities-Central_Bank
5211,Monetary_Authorities-Central_Bank
52111,Monetary_Authorities-Central_Bank
521110,Monetary_Authorities-Central_Bank
522,Credit_Intermediation_and_Related_Activities
5221,Depository_Credit_Intermediation
52211,Commercial_Banking
522110,Commercial_Banking
52212,Savings_Institutions
522120,Savings_Institutions
52213,Credit_Unions
522130,Credit_Unions
52219,Other_Depository_Credit_Intermediation
522190,Other_Depository_Credit_Intermediation
5222,Nondepository_Credit_Intermediation
52221,Credit_Card_Issuing
522210,Credit_Card_Issuing
52222,Sales_Financing
522220,Sales_Financing
52229,Other_Nondepository_Credit_Intermediation
522291,Consumer_Lending
522292,Real_Estate_Credit
522293,International_Trade_Financing
522294,Secondary_Market_Financing
522298,All_Other_Nondepository_Credit_Intermediation
5223,Activities_Related_to_Credit_Intermediation
52231,Mortgage_and_Nonmortgage_Loan_Brokers
522310,Mortgage_and_Nonmortgage_Loan_Brokers
52232,"Financial_Transactions_Processing,_Reserve,_and_Clearinghouse_Activities"
522320,"Financial_Transactions_Processing,_Reserve,_and_Clearinghouse_Activities"
52239,Other_Activities_Related_to_Credit_Intermediation
522390,Other_Activities_Related_to_Credit_Intermediation
523,"Securities,_Commodity_Contracts,_and_Other_Financial_Investments_and_Related_Activities"
5231,Securities_and_Commodity_Contracts_Intermediation_and_Brokerage
52311,Investment_Banking_and_Securities_Dealing
523110,Investment_Banking_and_Securities_Dealing
52312,Securities_Brokerage
523120,Securities_Brokerage
52313,Commodity_Contracts_Dealing
523130,Commodity_Contracts_Dealing
52314,Commodity_Contracts_Brokerage
523140,Commodity_Contracts_Brokerage
5232,Securities_and_Commodity_Exchanges
52321,Securities_and_Commodity_Exchanges
523210,Securities_and_Commodity_Exchanges
5239,Other_Financial_Investment_Activities
52391,Miscellaneous_Intermediation
523910,Miscellaneous_Intermediation
52392,Portfolio_Management
523920,Portfolio_Management
52393,Investment_Advice
523930,Investment_Advice
52399,All_Other_Financial_Investment_Activities
523991,"Trust,_Fiduciary,_and_Custody_Activities"
523999,Miscellaneous_Financial_Investment_Activities
524,Insurance_Carriers_and_Related_Activities
5241,Insurance_Carriers
52411,"Direct_Life,_Health,_and_Medical_Insurance_Carriers"
524113,Direct_Life_Insurance_Carriers
524114,Direct_Health_and_Medical_Insurance_Carriers
52412,"Direct_Insurance_(except_Life,_Health,_and_Medical)_Carriers"
524126,Direct_Property_and_Casualty_Insurance_Carriers
524127,Direct_Title_Insurance_Carriers
524128,"Other_Direct_Insurance_(except_Life,_Health,_and_Medical)_Carriers"
52413,Reinsurance_Carriers
524130,Reinsurance_Carriers
5242,"Agencies,_Brokerages,_and_Other_Insurance_Related_Activities"
52421,Insurance_Agencies_and_Brokerages
524210,Insurance_Agencies_and_Brokerages
52429,Other_Insurance_Related_Activities
524291,Claims_Adjusting
524292,Third_Party_Administration_of_Insurance_and_Pension_Funds
524298,All_Other_Insurance_Related_Activities
525,"Funds,_Trusts,_and_Other_Financial_Vehicles"
5259,Other_Investment_Pools_and_Funds
52591,Open-End_Investment_Funds
525910,Open-End_Investment_Funds
52599,Other_Financial_Vehicles
525990,Other_Financial_Vehicles
53----,Real_Estate_and_Rental_and_Leasing
531,Real_Estate
5311,Lessors_of_Real_Estate
53111,Lessors_of_Residential_Buildings_and_Dwellings
531110,Lessors_of_Residential_Buildings_and_Dwellings
53112,Lessors_of_Nonresidential_Buildings_(except_Miniwarehouses)
531120,Lessors_of_Nonresidential_Buildings_(except_Miniwarehouses)
53113,Lessors_of_Miniwarehouses_and_Self-Storage_Units
531130,Lessors_of_Miniwarehouses_and_Self-Storage_Units
53119,Lessors_of_Other_Real_Estate_Property
531190,Lessors_of_Other_Real_Estate_Property
5312,Offices_of_Real_Estate_Agents_and_Brokers
53121,Offices_of_Real_Estate_Agents_and_Brokers
531210,Offices_of_Real_Estate_Agents_and_Brokers
5313,Activities_Related_to_Real_Estate
53131,Real_Estate_Property_Managers
531311,Residential_Property_Managers
531312,Nonresidential_Property_Managers
53132,Offices_of_Real_Estate_Appraisers
531320,Offices_of_Real_Estate_Appraisers
53139,Other_Activities_Related_to_Real_Estate
531390,Other_Activities_Related_to_Real_Estate
532,Rental_and_Leasing_Services
5321,Automotive_Equipment_Rental_and_Leasing
53211,Passenger_Car_Rental_and_Leasing
532111,Passenger_Car_Rental
532112,Passenger_Car_Leasing
53212,"Truck,_Utility_Trailer,_and_RV_(Recreational_Vehicle)_Rental_and_Leasing"
532120,"Truck,_Utility_Trailer,_and_RV_(Recreational_Vehicle)_Rental_and_Leasing"
5322,Consumer_Goods_Rental
53221,Consumer_Electronics_and_Appliances_Rental
532210,Consumer_Electronics_and_Appliances_Rental
53222,Formal_Wear_and_Costume_Rental
532220,Formal_Wear_and_Costume_Rental
53223,Video_Tape_and_Disc_Rental
532230,Video_Tape_and_Disc_Rental
53229,Other_Consumer_Goods_Rental
532291,Home_Health_Equipment_Rental
532292,Recreational_Goods_Rental
532299,All_Other_Consumer_Goods_Rental
5323,General_Rental_Centers
53231,General_Rental_Centers
532310,General_Rental_Centers
5324,Commercial_and_Industrial_Machinery_and_Equipment_Rental_and_Leasing
53241,"Construction,_Transportation,_Mining,_and_Forestry_Machinery_and_Equipment_Rental_and_Leasing"
532411,"Commercial_Air,_Rail,_and_Water_Transportation_Equipment_Rental_and_Leasing"
532412,"Construction,_Mining,_and_Forestry_Machinery_and_Equipment_Rental_and_Leasing"
53242,Office_Machinery_and_Equipment_Rental_and_Leasing
532420,Office_Machinery_and_Equipment_Rental_and_Leasing
53249,Other_Commercial_and_Industrial_Machinery_and_Equipment_Rental_and_Leasing
532490,Other_Commercial_and_Industrial_Machinery_and_Equipment_Rental_and_Leasing
533,Lessors_of_Nonfinancial_Intangible_Assets_(except_Copyrighted_Works)
5331,Lessors_of_Nonfinancial_Intangible_Assets_(except_Copyrighted_Works)
53311,Lessors_of_Nonfinancial_Intangible_Assets_(except_Copyrighted_Works)
533110,Lessors_of_Nonfinancial_Intangible_Assets_(except_Copyrighted_Works)
54----,"Professional,_Scientific,_and_Technical_Services"
541,"Professional,_Scientific,_and_Technical_Services"
5411,Legal_Services
54111,Offices_of_Lawyers
541110,Offices_of_Lawyers
54119,Other_Legal_Services
541191,Title_Abstract_and_Settlement_Offices
541199,All_Other_Legal_Services
5412,"Accounting,_Tax_Preparation,_Bookkeeping,_and_Payroll_Services"
54121,"Accounting,_Tax_Preparation,_Bookkeeping,_and_Payroll_Services"
541211,Offices_of_Certified_Public_Accountants
541213,Tax_Preparation_Services
541214,Payroll_Services
541219,Other_Accounting_Services
5413,"Architectural,_Engineering,_and_Related_Services"
54131,Architectural_Services
541310,Architectural_Services
54132,Landscape_Architectural_Services
541320,Landscape_Architectural_Services
54133,Engineering_Services
541330,Engineering_Services
54134,Drafting_Services
541340,Drafting_Services
54135,Building_Inspection_Services
541350,Building_Inspection_Services
54136,Geophysical_Surveying_and_Mapping_Services
541360,Geophysical_Surveying_and_Mapping_Services
54137,Surveying_and_Mapping_(except_Geophysical)_Services
541370,Surveying_and_Mapping_(except_Geophysical)_Services
54138,Testing_Laboratories
541380,Testing_Laboratories
5414,Specialized_Design_Services
54141,Interior_Design_Services
541410,Interior_Design_Services
54142,Industrial_Design_Services
541420,Industrial_Design_Services
54143,Graphic_Design_Services
541430,Graphic_Design_Services
54149,Other_Specialized_Design_Services
541490,Other_Specialized_Design_Services
5415,Computer_Systems_Design_and_Related_Services
54151,Computer_Systems_Design_and_Related_Services
541511,Custom_Computer_Programming_Services
541512,Computer_Systems_Design_Services
541513,Computer_Facilities_Management_Services
541519,Other_Computer_Related_Services
5416,"Management,_Scientific,_and_Technical_Consulting_Services"
54161,Management_Consulting_Services
541611,Administrative_Management_and_General_Management_Consulting_Services
541612,Human_Resources_Consulting_Services
541613,Marketing_Consulting_Services
541614,"Process,_Physical_Distribution,_and_Logistics_Consulting_Services"
541618,Other_Management_Consulting_Services
54162,Environmental_Consulting_Services
541620,Environmental_Consulting_Services
54169,Other_Scientific_and_Technical_Consulting_Services
541690,Other_Scientific_and_Technical_Consulting_Services
5417,Scientific_Research_and_Development_Services
54171,"Research_and_Development_in_the_Physical,_Engineering,_and_Life_Sciences"
541711,Research_and_Development_in_Biotechnology
541712,"Research_and_Development_in_the_Physical,_Engineering,_and_Life_Sciences_(except_Biotechnology)"
54172,Research_and_Development_in_the_Social_Sciences_and_Humanities
541720,Research_and_Development_in_the_Social_Sciences_and_Humanities
5418,"Advertising,_Public_Relations,_and_Related_Services"
54181,Advertising_Agencies
541810,Advertising_Agencies
54182,Public_Relations_Agencies
541820,Public_Relations_Agencies
54183,Media_Buying_Agencies
541830,Media_Buying_Agencies
54184,Media_Representatives
541840,Media_Representatives
54185,Outdoor_Advertising
541850,Outdoor_Advertising
54186,Direct_Mail_Advertising
541860,Direct_Mail_Advertising
54187,Advertising_Material_Distribution_Services
541870,Advertising_Material_Distribution_Services
54189,Other_Services_Related_to_Advertising
541890,Other_Services_Related_to_Advertising
5419,"Other_Professional,_Scientific,_and_Technical_Services"
54191,Marketing_Research_and_Public_Opinion_Polling
541910,Marketing_Research_and_Public_Opinion_Polling
54192,Photographic_Services
541921,"Photography_Studios,_Portrait"
541922,Commercial_Photography
54193,Translation_and_Interpretation_Services
541930,Translation_and_Interpretation_Services
54194,Veterinary_Services
541940,Veterinary_Services
54199,"All_Other_Professional,_Scientific,_and_Technical_Services"
541990,"All_Other_Professional,_Scientific,_and_Technical_Services"
55----,Management_of_Companies_and_Enterprises
551,Management_of_Companies_and_Enterprises
5511,Management_of_Companies_and_Enterprises
55111,Management_of_Companies_and_Enterprises
551111,Offices_of_Bank_Holding_Companies
551112,Offices_of_Other_Holding_Companies
551114,"Corporate,_Subsidiary,_and_Regional_Managing_Offices"
56----,Administrative_and_Support_and_Waste_Management_and_Remediation_Services
561,Administrative_and_Support_Services
5611,Office_Administrative_Services
56111,Office_Administrative_Services
561110,Office_Administrative_Services
5612,Facilities_Support_Services
56121,Facilities_Support_Services
561210,Facilities_Support_Services
5613,Employment_Services
56131,Employment_Placement_Agencies_and_Executive_Search_Services
561311,Employment_Placement_Agencies
561312,Executive_Search_Services
56132,Temporary_Help_Services
561320,Temporary_Help_Services
56133,Professional_Employer_Organizations
561330,Professional_Employer_Organizations
5614,Business_Support_Services
56141,Document_Preparation_Services
561410,Document_Preparation_Services
56142,Telephone_Call_Centers
561421,Telephone_Answering_Services
561422,Telemarketing_Bureaus_and_Other_Contact_Centers
56143,Business_Service_Centers
561431,Private_Mail_Centers
561439,Other_Business_Service_Centers_(including_Copy_Shops)
56144,Collection_Agencies
561440,Collection_Agencies
56145,Credit_Bureaus
561450,Credit_Bureaus
56149,Other_Business_Support_Services
561491,Repossession_Services
561492,Court_Reporting_and_Stenotype_Services
561499,All_Other_Business_Support_Services
5615,Travel_Arrangement_and_Reservation_Services
56151,Travel_Agencies
561510,Travel_Agencies
56152,Tour_Operators
561520,Tour_Operators
56159,Other_Travel_Arrangement_and_Reservation_Services
561591,Convention_and_Visitors_Bureaus
561599,All_Other_Travel_Arrangement_and_Reservation_Services
5616,Investigation_and_Security_Services
56161,"Investigation,_Guard,_and_Armored_Car_Services"
561611,Investigation_Services
561612,Security_Guards_and_Patrol_Services
561613,Armored_Car_Services
56162,Security_Systems_Services
561621,Security_Systems_Services_(except_Locksmiths)
561622,Locksmiths
5617,Services_to_Buildings_and_Dwellings
56171,Exterminating_and_Pest_Control_Services
561710,Exterminating_and_Pest_Control_Services
56172,Janitorial_Services
561720,Janitorial_Services
56173,Landscaping_Services
561730,Landscaping_Services
56174,Carpet_and_Upholstery_Cleaning_Services
561740,Carpet_and_Upholstery_Cleaning_Services
56179,Other_Services_to_Buildings_and_Dwellings
561790,Other_Services_to_Buildings_and_Dwellings
5619,Other_Support_Services
56191,Packaging_and_Labeling_Services
561910,Packaging_and_Labeling_Services
56192,Convention_and_Trade_Show_Organizers
561920,Convention_and_Trade_Show_Organizers
56199,All_Other_Support_Services
561990,All_Other_Support_Services
562,Waste_Management_and_Remediation_Services
5621,Waste_Collection
56211,Waste_Collection
562111,Solid_Waste_Collection
562112,Hazardous_Waste_Collection
562119,Other_Waste_Collection
5622,Waste_Treatment_and_Disposal
56221,Waste_Treatment_and_Disposal
562211,Hazardous_Waste_Treatment_and_Disposal
562212,Solid_Waste_Landfill
562213,Solid_Waste_Combustors_and_Incinerators
562219,Other_Nonhazardous_Waste_Treatment_and_Disposal
5629,Remediation_and_Other_Waste_Management_Services
56291,Remediation_Services
562910,Remediation_Services
56292,Materials_Recovery_Facilities
562920,Materials_Recovery_Facilities
56299,All_Other_Waste_Management_Services
562991,Septic_Tank_and_Related_Services
562998,All_Other_Miscellaneous_Waste_Management_Services
61----,Educational_Services
611,Educational_Services
6111,Elementary_and_Secondary_Schools
61111,Elementary_and_Secondary_Schools
611110,Elementary_and_Secondary_Schools
6112,Junior_Colleges
61121,Junior_Colleges
611210,Junior_Colleges
6113,"Colleges,_Universities,_and_Professional_Schools"
61131,"Colleges,_Universities,_and_Professional_Schools"
611310,"Colleges,_Universities,_and_Professional_Schools"
6114,Business_Schools_and_Computer_and_Management_Training
61141,Business_and_Secretarial_Schools
611410,Business_and_Secretarial_Schools
61142,Computer_Training
611420,Computer_Training
61143,Professional_and_Management_Development_Training
611430,Professional_and_Management_Development_Training
6115,Technical_and_Trade_Schools
61151,Technical_and_Trade_Schools
611511,Cosmetology_and_Barber_Schools
611512,Flight_Training
611513,Apprenticeship_Training
611519,Other_Technical_and_Trade_Schools
6116,Other_Schools_and_Instruction
61161,Fine_Arts_Schools
611610,Fine_Arts_Schools
61162,Sports_and_Recreation_Instruction
611620,Sports_and_Recreation_Instruction
61163,Language_Schools
611630,Language_Schools
61169,All_Other_Schools_and_Instruction
611691,Exam_Preparation_and_Tutoring
611692,Automobile_Driving_Schools
611699,All_Other_Miscellaneous_Schools_and_Instruction
6117,Educational_Support_Services
61171,Educational_Support_Services
611710,Educational_Support_Services
62----,Health_Care_and_Social_Assistance
621,Ambulatory_Health_Care_Services
6211,Offices_of_Physicians
62111,Offices_of_Physicians
621111,Offices_of_Physicians_(except_Mental_Health_Specialists)
621112,"Offices_of_Physicians,_Mental_Health_Specialists"
6212,Offices_of_Dentists
62121,Offices_of_Dentists
621210,Offices_of_Dentists
6213,Offices_of_Other_Health_Practitioners
62131,Offices_of_Chiropractors
621310,Offices_of_Chiropractors
62132,Offices_of_Optometrists
621320,Offices_of_Optometrists
62133,Offices_of_Mental_Health_Practitioners_(except_Physicians)
621330,Offices_of_Mental_Health_Practitioners_(except_Physicians)
62134,"Offices_of_Physical,_Occupational_and_Speech_Therapists,_and_Audiologists"
621340,"Offices_of_Physical,_Occupational_and_Speech_Therapists,_and_Audiologists"
62139,Offices_of_All_Other_Health_Practitioners
621391,Offices_of_Podiatrists
621399,Offices_of_All_Other_Miscellaneous_Health_Practitioners
6214,Outpatient_Care_Centers
62141,Family_Planning_Centers
621410,Family_Planning_Centers
62142,Outpatient_Mental_Health_and_Substance_Abuse_Centers
621420,Outpatient_Mental_Health_and_Substance_Abuse_Centers
62149,Other_Outpatient_Care_Centers
621491,HMO_Medical_Centers
621492,Kidney_Dialysis_Centers
621493,Freestanding_Ambulatory_Surgical_and_Emergency_Centers
621498,All_Other_Outpatient_Care_Centers
6215,Medical_and_Diagnostic_Laboratories
62151,Medical_and_Diagnostic_Laboratories
621511,Medical_Laboratories
621512,Diagnostic_Imaging_Centers
6216,Home_Health_Care_Services
62161,Home_Health_Care_Services
621610,Home_Health_Care_Services
6219,Other_Ambulatory_Health_Care_Services
62191,Ambulance_Services
621910,Ambulance_Services
62199,All_Other_Ambulatory_Health_Care_Services
621991,Blood_and_Organ_Banks
621999,All_Other_Miscellaneous_Ambulatory_Health_Care_Services
622,Hospitals
6221,General_Medical_and_Surgical_Hospitals
62211,General_Medical_and_Surgical_Hospitals
622110,General_Medical_and_Surgical_Hospitals
6222,Psychiatric_and_Substance_Abuse_Hospitals
62221,Psychiatric_and_Substance_Abuse_Hospitals
622210,Psychiatric_and_Substance_Abuse_Hospitals
6223,Specialty_(except_Psychiatric_and_Substance_Abuse)_Hospitals
62231,Specialty_(except_Psychiatric_and_Substance_Abuse)_Hospitals
622310,Specialty_(except_Psychiatric_and_Substance_Abuse)_Hospitals
623,Nursing_and_Residential_Care_Facilities
6231,Nursing_Care_Facilities_(Skilled_Nursing_Facilities)
62311,Nursing_Care_Facilities_(Skilled_Nursing_Facilities)
623110,Nursing_Care_Facilities_(Skilled_Nursing_Facilities)
6232,"Residential_Intellectual_and_Developmental_Disability,_Mental_Health,_and_Substance_Abuse_Facilities"
62321,Residential_Intellectual_and_Developmental_Disability_Facilities
623210,Residential_Intellectual_and_Developmental_Disability_Facilities
62322,Residential_Mental_Health_and_Substance_Abuse_Facilities
623220,Residential_Mental_Health_and_Substance_Abuse_Facilities
6233,Continuing_Care_Retirement_Communities_and_Assisted_Living_Facilities_for_the_Elderly
62331,Continuing_Care_Retirement_Communities_and_Assisted_Living_Facilities_for_the_Elderly
623311,Continuing_Care_Retirement_Communities
623312,Assisted_Living_Facilities_for_the_Elderly
6239,Other_Residential_Care_Facilities
62399,Other_Residential_Care_Facilities
623990,Other_Residential_Care_Facilities
624,Social_Assistance
6241,Individual_and_Family_Services
62411,Child_and_Youth_Services
624110,Child_and_Youth_Services
62412,Services_for_the_Elderly_and_Persons_with_Disabilities
624120,Services_for_the_Elderly_and_Persons_with_Disabilities
62419,Other_Individual_and_Family_Services
624190,Other_Individual_and_Family_Services
6242,"Community_Food_and_Housing,_and_Emergency_and_Other_Relief_Services"
62421,Community_Food_Services
624210,Community_Food_Services
62422,Community_Housing_Services
624221,Temporary_Shelters
624229,Other_Community_Housing_Services
62423,Emergency_and_Other_Relief_Services
624230,Emergency_and_Other_Relief_Services
6243,Vocational_Rehabilitation_Services
62431,Vocational_Rehabilitation_Services
624310,Vocational_Rehabilitation_Services
6244,Child_Day_Care_Services
62441,Child_Day_Care_Services
624410,Child_Day_Care_Services
71----,"Arts,_Entertainment,_and_Recreation"
711,"Performing_Arts,_Spectator_Sports,_and_Related_Industries"
7111,Performing_Arts_Companies
71111,Theater_Companies_and_Dinner_Theaters
711110,Theater_Companies_and_Dinner_Theaters
71112,Dance_Companies
711120,Dance_Companies
71113,Musical_Groups_and_Artists
711130,Musical_Groups_and_Artists
71119,Other_Performing_Arts_Companies
711190,Other_Performing_Arts_Companies
7112,Spectator_Sports
71121,Spectator_Sports
711211,Sports_Teams_and_Clubs
711212,Racetracks
711219,Other_Spectator_Sports
7113,"Promoters_of_Performing_Arts,_Sports,_and_Similar_Events"
71131,"Promoters_of_Performing_Arts,_Sports,_and_Similar_Events_with_Facilities"
711310,"Promoters_of_Performing_Arts,_Sports,_and_Similar_Events_with_Facilities"
71132,"Promoters_of_Performing_Arts,_Sports,_and_Similar_Events_without_Facilities"
711320,"Promoters_of_Performing_Arts,_Sports,_and_Similar_Events_without_Facilities"
7114,"Agents_and_Managers_for_Artists,_Athletes,_Entertainers,_and_Other_Public_Figures"
71141,"Agents_and_Managers_for_Artists,_Athletes,_Entertainers,_and_Other_Public_Figures"
711410,"Agents_and_Managers_for_Artists,_Athletes,_Entertainers,_and_Other_Public_Figures"
7115,"Independent_Artists,_Writers,_and_Performers"
71151,"Independent_Artists,_Writers,_and_Performers"
711510,"Independent_Artists,_Writers,_and_Performers"
712,"Museums,_Historical_Sites,_and_Similar_Institutions"
7121,"Museums,_Historical_Sites,_and_Similar_Institutions"
71211,Museums
712110,Museums
71212,Historical_Sites
712120,Historical_Sites
71213,Zoos_and_Botanical_Gardens
712130,Zoos_and_Botanical_Gardens
71219,Nature_Parks_and_Other_Similar_Institutions
712190,Nature_Parks_and_Other_Similar_Institutions
713,"Amusement,_Gambling,_and_Recreation_Industries"
7131,Amusement_Parks_and_Arcades
71311,Amusement_and_Theme_Parks
713110,Amusement_and_Theme_Parks
71312,Amusement_Arcades
713120,Amusement_Arcades
7132,Gambling_Industries
71321,Casinos_(except_Casino_Hotels)
713210,Casinos_(except_Casino_Hotels)
71329,Other_Gambling_Industries
713290,Other_Gambling_Industries
7139,Other_Amusement_and_Recreation_Industries
71391,Golf_Courses_and_Country_Clubs
713910,Golf_Courses_and_Country_Clubs
71392,Skiing_Facilities
713920,Skiing_Facilities
71393,Marinas
713930,Marinas
71394,Fitness_and_Recreational_Sports_Centers
713940,Fitness_and_Recreational_Sports_Centers
71395,Bowling_Centers
713950,Bowling_Centers
71399,All_Other_Amusement_and_Recreation_Industries
713990,All_Other_Amusement_and_Recreation_Industries
72----,Accommodation_and_Food_Services
721,Accommodation
7211,Traveler_Accommodation
72111,Hotels_(except_Casino_Hotels)_and_Motels
721110,Hotels_(except_Casino_Hotels)_and_Motels
72112,Casino_Hotels
721120,Casino_Hotels
72119,Other_Traveler_Accommodation
721191,Bed-and-Breakfast_Inns
721199,All_Other_Traveler_Accommodation
7212,RV_(Recreational_Vehicle)_Parks_and_Recreational_Camps
72121,RV_(Recreational_Vehicle)_Parks_and_Recreational_Camps
721211,RV_(Recreational_Vehicle)_Parks_and_Campgrounds
721214,Recreational_and_Vacation_Camps_(except_Campgrounds)
7213,Rooming_and_Boarding_Houses
72131,Rooming_and_Boarding_Houses
721310,Rooming_and_Boarding_Houses
722,Food_Services_and_Drinking_Places
7223,Special_Food_Services
72231,Food_Service_Contractors
722310,Food_Service_Contractors
72232,Caterers
722320,Caterers
72233,Mobile_Food_Services
722330,Mobile_Food_Services
7224,Drinking_Places_(Alcoholic_Beverages)
72241,Drinking_Places_(Alcoholic_Beverages)
722410,Drinking_Places_(Alcoholic_Beverages)
7225,Restaurants_and_Other_Eating_Places
72251,Restaurants_and_Other_Eating_Places
722511,Full-Service_Restaurants
722513,Limited-Service_Restaurants
722514,"Cafeterias,_Grill_Buffets,_and_Buffets"
722515,Snack_and_Nonalcoholic_Beverage_Bars
81----,Other_Services_(except_Public_Administration)
811,Repair_and_Maintenance
8111,Automotive_Repair_and_Maintenance
81111,Automotive_Mechanical_and_Electrical_Repair_and_Maintenance
811111,General_Automotive_Repair
811112,Automotive_Exhaust_System_Repair
811113,Automotive_Transmission_Repair
811118,Other_Automotive_Mechanical_and_Electrical_Repair_and_Maintenance
81112,"Automotive_Body,_Paint,_Interior,_and_Glass_Repair"
811121,"Automotive_Body,_Paint,_and_Interior_Repair_and_Maintenance"
811122,Automotive_Glass_Replacement_Shops
81119,Other_Automotive_Repair_and_Maintenance
811191,Automotive_Oil_Change_and_Lubrication_Shops
811192,Car_Washes
811198,All_Other_Automotive_Repair_and_Maintenance
8112,Electronic_and_Precision_Equipment_Repair_and_Maintenance
81121,Electronic_and_Precision_Equipment_Repair_and_Maintenance
811211,Consumer_Electronics_Repair_and_Maintenance
811212,Computer_and_Office_Machine_Repair_and_Maintenance
811213,Communication_Equipment_Repair_and_Maintenance
811219,Other_Electronic_and_Precision_Equipment_Repair_and_Maintenance
8113,Commercial_and_Industrial_Machinery_and_Equipment_(except_Automotive_and_Electronic)_Repair_and_Maintenance
81131,Commercial_and_Industrial_Machinery_and_Equipment_(except_Automotive_and_Electronic)_Repair_and_Maintenance
811310,Commercial_and_Industrial_Machinery_and_Equipment_(except_Automotive_and_Electronic)_Repair_and_Maintenance
8114,Personal_and_Household_Goods_Repair_and_Maintenance
81141,Home_and_Garden_Equipment_and_Appliance_Repair_and_Maintenance
811411,Home_and_Garden_Equipment_Repair_and_Maintenance
811412,Appliance_Repair_and_Maintenance
81142,Reupholstery_and_Furniture_Repair
811420,Reupholstery_and_Furniture_Repair
81143,Footwear_and_Leather_Goods_Repair
811430,Footwear_and_Leather_Goods_Repair
81149,Other_Personal_and_Household_Goods_Repair_and_Maintenance
811490,Other_Personal_and_Household_Goods_Repair_and_Maintenance
812,Personal_and_Laundry_Services
8121,Personal_Care_Services
81211,"Hair,_Nail,_and_Skin_Care_Services"
812111,Barber_Shops
812112,Beauty_Salons
812113,Nail_Salons
81219,Other_Personal_Care_Services
812191,Diet_and_Weight_Reducing_Centers
812199,Other_Personal_Care_Services
8122,Death_Care_Services
81221,Funeral_Homes_and_Funeral_Services
812210,Funeral_Homes_and_Funeral_Services
81222,Cemeteries_and_Crematories
812220,Cemeteries_and_Crematories
8123,Drycleaning_and_Laundry_Services
81231,Coin-Operated_Laundries_and_Drycleaners
812310,Coin-Operated_Laundries_and_Drycleaners
81232,Drycleaning_and_Laundry_Services_(except_Coin-Operated)
812320,Drycleaning_and_Laundry_Services_(except_Coin-Operated)
81233,Linen_and_Uniform_Supply
812331,Linen_Supply
812332,Industrial_Launderers
8129,Other_Personal_Services
81291,Pet_Care_(except_Veterinary)_Services
812910,Pet_Care_(except_Veterinary)_Services
81292,Photofinishing
812921,Photofinishing_Laboratories_(except_One-Hour)
812922,One-Hour_Photofinishing
81293,Parking_Lots_and_Garages
812930,Parking_Lots_and_Garages
81299,All_Other_Personal_Services
812990,All_Other_Personal_Services
813,"Religious,_Grantmaking,_Civic,_Professional,_and_Similar_Organizations"
8131,Religious_Organizations
81311,Religious_Organizations
813110,Religious_Organizations
8132,Grantmaking_and_Giving_Services
81321,Grantmaking_and_Giving_Services
813211,Grantmaking_Foundations
813212,Voluntary_Health_Organizations
813219,Other_Grantmaking_and_Giving_Services
8133,Social_Advocacy_Organizations
81331,Social_Advocacy_Organizations
813311,Human_Rights_Organizations
813312,"Environment,_Conservation_and_Wildlife_Organizations"
813319,Other_Social_Advocacy_Organizations
8134,Civic_and_Social_Organizations
81341,Civic_and_Social_Organizations
813410,Civic_and_Social_Organizations
8139,"Business,_Professional,_Labor,_Political,_and_Similar_Organizations"
81391,Business_Associations
813910,Business_Associations
81392,Professional_Organizations
813920,Professional_Organizations
81393,Labor_Unions_and_Similar_Labor_Organizations
813930,Labor_Unions_and_Similar_Labor_Organizations
81394,Political_Organizations
813940,Political_Organizations
81399,"Other_Similar_Organizations_(except_Business,_Professional,_Labor,_and_Political_Organizations)"
813990,"Other_Similar_Organizations_(except_Business,_Professional,_Labor,_and_Political_Organizations)"
99----,Industries_not_classified
